0HR,15MIN,30MIN,1HR,2HR,4HR,6HR,8HR,12HR,16HR,20HR,24HR,UNSYN
MTERF2,1.5962,0.534,-1.8179,-0.035017,1.8996,0.30639,-0.71784,-0.33849,-1.1351,-0.30056,0.30639,-0.22469,-0.072951
SEPP1,0.095122,2.0874,0.26687,0.61037,0.85082,-1.485,-0.83232,-0.52317,-0.52317,-0.24838,-0.83232,-0.76362,1.2974
PIN1,0.84243,1.359,0.68745,0.84243,0.32584,-0.8623,-0.13908,0.22253,-0.34571,-0.65566,-1.3789,-1.9471,1.0491
EPB41L2,1.1363,0.98137,1.1363,0.36156,0.30991,-0.30991,-0.61982,-0.51651,-1.6012,-0.87807,-0.98137,-0.67147,1.6528
LUC7L3,0.48347,1.4065,1.7581,0.83508,0.1312622,-0.043952,-1.0109,-0.17581,-0.96694,-1.3625,-0.30766,-1.2746,0.65927
AA059077,0.23452,1.6489,1.6175,0.61169,0.54883,0.70598,-0.42552,-0.48838,-0.45695,-0.67697,-0.80269,-1.777,-0.73983
LUM,0.64514,1.2043,1.0179,0.64514,0.94334,-0.13763,0.57059,0.75696,-0.88313,-0.95767,-1.3677,-1.6286,-0.80858
OPN3,0.28406,1.3116,1.408,0.70151,0.28406,-0.0049402,0.99051,0.44462,-1.0646,-1.0967,-1.2252,-1.5463,-0.48661
CPT1B,0.65322,0.6895,2.0322,1.4153,-0.10887,0.10887,-0.14516,-0.32661,-0.65322,-0.87095,-1.4153,-1.2701,-0.10887
PLPPR4,1.0642,0.47966,1.1812,1.0642,0.32377,0.36274,0.011991,-0.8454,-1.8977,-0.72848,-1.1572,-0.8454,0.9863
CLDN11,1.0385,1.4728,0.74892,1.0747,0.53176,0.53176,-0.047329,-0.33687,-1.2779,-1.2417,-1.3141,-1.2055,0.025057
FAM69A,0.75974,1.6334,1.5575,0.5698,0.037987,0.41786,0.26591,-0.18993,-1.5195,-0.98766,-1.0636,-1.0636,-0.41786
SASH1,1.0516,0.90057,1.7692,1.3538,0.22078,-0.42123,-0.72336,-0.68559,-1.4409,-0.42123,-0.79889,-0.98772,0.18302
PLXNC1,2.0661,0.71563,1.3158,0.76564,0.16544,-0.084644,-0.58481,-0.78488,-0.8349,-0.28471,-1.035,-1.4351,0.01539
ROR1,1.6601,0.27039,-0.42445,-0.01572,1.5783,1.047,-0.66969,-1.4054,-1.4871,0.1069,0.31126,-0.17921,-0.79231
ARHGAP20,1.2298,1.1397,0.41917,0.68938,0.41917,0.68938,-1.112,-1.7425,-1.0219,0.91455,-0.52656,0.10393,-1.2021
H16592,1.4802,1.5258,0.61383,0.47704,-0.16135,0.97863,-0.98213,-1.8941,-0.75414,0.15784,-0.34375,-0.66294,-0.43495
SESN3,0.63132,0.99811,1.4108,0.76886,0.81471,0.86056,-0.42323,-1.9363,-1.0193,-0.56078,0.081119,-0.88173,-0.74418
CCNG1,2.1144,1.4977,-0.22026,0.1934171,1.1013,-0.1762,-0.44051,-0.88102,-1.4096,-0.88102,-0.13215,-0.48456,-0.088102
H14499,2.0289,1.1227,-0.40357,0.83649,1.1704,0.12107,-0.59435,-1.0713,-1.3575,-0.54665,-0.40357,-0.1651,-0.73743
CDKN1C,2.2445,0.65192,-0.42878,0.31064,1.4482,-0.20126,0.19689,-1.282,-1.0544,-0.77005,-0.3719,0.026252,-0.77005
GRIA1,1.9998,1.2105,0.47053,0.47053,0.47053,0.51986,-0.31875,-1.0587,-1.404,0.22388,-1.0094,-1.0094,-0.5654
VAMP4,1.09095,0.816665,1.26347,0.95868,1.094815,-0.321355,-0.3219,-1.1138,-1.14375,-0.201615,-0.877585,-0.69961,-0.545045
DTX3L,1.3526,0.93393,0.35827,0.35827,1.4049,-0.21738,-0.8977,-1.5257,-1.264,0.096613,-0.95003,-0.63604,0.98626
ABCA5,1.2519,1.1707,-0.20916,0.23726,1.9012,0.23726,-0.57442,-1.6702,-1.2238,0.19668,-0.24975,-0.49325,-0.57442
H61273,0.31678,1.6623,-0.49869,0.84682,1.54,0.35755,-0.090955,-1.5996,-1.5996,-0.13173,-0.1725,-0.70255,0.072137
N63445,1.2255,1.2255,-0.15064,0.96084,0.96084,0.64327,-0.20357,-1.1033,-2.0031,0.16693,-0.25649,-1.1033,-0.36235
W69445,0.68492,1.4069,0.39614,0.011107,1.5513,1.0218,-0.99962,-1.3365,-1.6253,-0.42206,-0.56645,-0.13328,0.011107
R60336,1.5265,0.41113,1.3871,0.55055,-0.42543,-0.8437,-0.33248,-1.4014,-1.169,1.4801,0.039325,-0.61133,-0.61133
IGDCC4,1.0859,0.55397,1.0041,0.43121,0.59489,-0.63266,-0.96,-1.0828,-1.3283,1.9452,-0.67357,-0.34623,-0.59174
H15535,1.7792,1.3143,0.61691,0.26822,-0.13858,-0.6035,-0.83596,-1.5333,-1.2428,0.38445,0.90749,-0.080467,-0.83596
FAXC,1.6273,0.52443,0.72495,0.67482,0.023137,-0.82906,-1.0797,-1.1298,-1.5309,1.2262,0.27378,0.42417,-0.92932
FMOD,1.8352,0.98747,-0.16303,0.56361,0.26084,-0.46579,-1.1319,-1.0713,-1.0713,1.1691,0.018632,0.4425,-1.3741
PIH1D1,1.1415,1.0359,-0.28435,1.5639,0.82462,-0.33716,-0.75963,-1.1293,-1.1293,0.77181,-0.073119,-0.020311,-1.6046
WDFY3,0.93882,1.1389,0.98884,-0.011543,0.68873,-0.91189,-0.61177,-0.96191,-1.6122,0.8888,0.83878,0.088496,-1.4621
R34653,1.2067,0.98696,0.98696,1.2067,1.0309,-0.19942,-0.507,-0.85852,-1.1222,-1.1661,0.45968,-1.2979,-0.7267
CAT,1.0696,2.08,0.98872,0.13991,0.98872,-0.70889,-0.66847,-0.91099,-1.3556,-0.70889,-0.46638,0.018655,-0.46638
THBS2,1.9765,1.2752,0.70133,-0.063758,1.1476,-0.19127,-0.63758,-0.89261,-1.2114,-0.57382,-0.38255,0.063758,-1.2114
IFT20,1.0256,2.2343,0.98784,0.19466,0.95007,-0.4852,-0.4852,-0.29635,-0.97621,-0.74959,-0.82513,-0.63628,-0.93844
FLJ10849,1.3286,1.5037,0.33664,-0.53863,1.7371,0.45335,-0.71369,0.16159,-0.71369,-0.88874,-0.83039,-0.65533,-1.1805
CDC42BPA,2.4768,0.44814,0.86427,0.13604,0.39612,-0.17606,-0.90428,-0.90428,-1.4765,-0.90428,-0.12404,0.24008,-0.072023
H05133,1.4841,0.40286,1.6868,1.4503,0.064978,-0.47564,-1.1514,-1.219,-0.94868,-0.20533,-0.17154,-0.10396,-0.81353
DOCK8,1.6594,1.3563,1.4068,0.95211,-0.058292,-0.36141,-0.96765,-1.1192,-0.96765,-0.66453,-0.66453,0.042748,-0.61401
AA057433,1.875,0.87558,1.0422,0.87558,0.48691,-0.62359,-0.51254,-1.623,-0.90121,0.26481,-0.73464,-0.068338,-0.95674
N52170,1.9199,0.85183,1.2453,0.17728,0.68319,-0.44105,-0.89075,-1.4529,-0.72211,0.34592,-1.2842,-0.047564,-0.38484
R71462,0.77911,1.0439,1.7059,1.3087,0.74601,-0.28007,-0.44557,-1.2731,-1.2069,-0.081475,-0.71036,-0.77656,-0.80966
R60996,1.129,0.5356,1.5246,1.2081,0.49604,-0.13694,0.29823,-1.6007,-1.4029,0.17955,-0.76993,-0.53256,-0.92817
ULK2,2.2341,-0.22411,1.4147,0.95945,-0.04202,-0.40619,-0.6338,-1.0435,-1.4077,-0.17858,-0.49724,0.14007,-0.31515
T85754,0.99292,0.10433,2.0218,1.3671,0.057561,-0.50366,-0.36335,-1.2519,-1.6261,-0.36335,-0.55043,0.010793,0.10433
R59736,1.6039,-0.44356,0.4757,1.4367,0.93533,0.64284,0.35035,-1.4464,-0.77783,0.057855,-1.2375,-0.90319,-0.69427
N50955,1.416,0.44146,1.1453,1.5243,0.0083295,0.60389,0.0083295,-1.0745,-0.47895,-0.1541,-1.6701,-1.0204,-0.74966
MME,0.86059,1.7015,0.97028,0.82403,0.97028,0.3853,-0.49217,-0.78466,-1.26,-0.67497,-0.96746,-0.19968,-1.3331
ADGRD1,1.9429,1.0823,0.47992,0.73809,0.82414,0.56598,-0.16549,-1.0691,-0.8109,-0.50971,-1.026,-0.89696,-1.1551
DPP4,1.6368,1.2113,0.36011,0.040921,1.2645,0.89208,-0.38466,-1.023,-0.22507,-0.70385,-0.65065,-0.86344,-1.555
H00856,1.1902,0.27003,2.2468,0.67901,0.81534,-0.17303,-0.27528,-0.82058,-0.82058,-0.27528,-0.75242,-0.85466,-1.2296
N74313,1.2915,1.0749,1.2554,0.49717,1.5443,-0.15276,-0.26108,-1.0916,-1.0193,-0.44162,-0.76659,-0.94712,-0.98323
TMEM106B,1.5526,1.7021,1.1041,0.45619,0.40635,-0.042169,-0.83954,-1.1386,-0.93921,-0.19168,-0.24151,-0.44085,-1.3877
FBN2,1.4504,1.4891,1.1794,0.86965,0.63734,0.17274,-0.67904,-0.60161,-0.71776,-0.83391,-0.95006,-0.75647,-1.2598
LAMA2,1.6014,0.96778,0.92253,1.3298,0.10792,0.60573,-0.02785,-0.88771,-0.52567,-0.75195,-0.84246,-1.114,-1.3855
ANXA3,2.2033,1.3505,0.44761,0.64826,-0.25467,0.34728,0.14663,-0.7563,-1.2078,-0.25467,-1.0071,-0.80646,-0.85662
AVPI1,2.0678,0.31847,0.66833,1.1931,-0.20633,0.43509,0.4934,-1.1976,-1.0227,-0.14802,-0.43958,-0.73113,-1.4309
CRABP2,1.2195,1.7463,1.459,-0.16947,0.40526,-0.12158,-0.26526,-0.31316,-0.69632,-0.12158,-0.40895,-0.84,-1.8937
HFL1,0.89764,0.69558,1.908,1.0997,-0.31476,0.34196,-0.16321,0.038859,-0.97148,-0.11269,-0.46631,-1.2746,-1.6787
W78854,0.88002,0.88002,1.1482,0.9694,0.61189,1.0588,-1.5332,-1.0863,0.165,-0.058439,-1.0416,-0.81815,-1.1757
SQLE,1.2278,1.2867,1.4045,0.49157,1.1984,0.19708,-0.36245,-0.80419,-0.95144,-0.71584,-1.0103,-0.92199,-1.0398
FAM198B,1.0754,0.84407,1.7365,0.44746,0.97628,0.34831,0.050848,-0.14746,-0.87458,-0.87458,-1.172,-1.139,-1.2712
AD036,1.3922,1.4987,0.0081896,0.54051,1.4987,0.39856,0.0081896,-0.41767,-0.9145,-0.84352,-1.1274,-1.1629,-0.87901
OSBPL1A,1.2585,1.4354,0.68369,0.99322,1.0817,0.37416,-0.2449,-0.59865,-1.2619,-0.77553,-1.2177,-0.90818,-0.81974
WNT2,1.8084,1.5171,0.43529,0.51851,0.22725,0.76816,-0.10562,-0.60493,-0.81297,-0.18884,-1.1458,-1.3123,-1.1042
H66594,1.5596,1.4915,1.1507,0.43513,0.67366,0.3329,-0.3827,-0.75754,-1.0983,-1.0301,-0.99607,-0.28047,-1.0983
ASNS,1.718,1.2829,0.88408,0.59404,0.99285,0.12271,-0.45738,-0.6024,-1.11,-1.1825,-1.0375,-0.23985,-0.96496
MEST,0.85363,0.85363,0.7109,1.603,1.2105,0.67522,-0.2882,-1.1803,-1.0732,-0.96616,-0.75207,-0.64502,-1.0018
DHCR24,0.98195,1.016,1.0841,1.2202,1.1862,0.47134,-0.20948,-0.8903,-0.95838,-1.2648,-0.95838,-0.7201,-0.95838
W79348,0.88659,0.77322,1.718,1.3401,0.28197,0.65986,-0.095926,-0.77613,-0.96508,-1.154,-0.77613,-1.154,-0.73834
PIM1,0.26548,1.058,1.4159,1.5437,1.2369,0.086527,-0.34807,-0.70598,-0.78267,-0.73155,-1.0383,-0.85937,-1.1406
RHOBTB3,1.376,1.9604,0.49947,0.82413,0.69426,0.10988,-0.60436,-1.0913,-1.3186,-0.63682,-0.73422,-0.63682,-0.44203
AA012995,1.7058,1.4026,0.70964,1.0128,0.5797,0.23321,-0.45976,-1.1094,-1.2827,-0.37314,-0.76294,-0.71963,-0.93619
TMEM97,1.61,1.2841,1.3203,0.92201,0.63231,-0.16435,-0.70752,-0.9248,-1.1783,-0.67131,-0.85237,-0.70752,-0.56268
SC5D,1.1751,1.4814,0.5625,0.98364,0.94536,0.48593,-0.39464,-0.58606,-1.7346,-0.77749,-0.81578,-0.24149,-1.0838
SLC2A12,1.7673,1.1941,1.0986,0.19105,0.42987,0.95527,-0.42987,-0.62093,-1.3851,-0.85975,-0.62093,-0.76422,-0.95527
SPTBN1,0.67366,0.9125,0.67366,0.75327,0.9523,1.3106,-0.60017,-1.3565,-1.7148,-1.1177,-0.042869,0.31539,-0.75939
IPO8,0.5368,1.7246,1.539,0.054251,0.68528,0.7224,-0.16846,-1.2449,-1.579,-0.6139,-0.57678,-0.6139,-0.46542
SLC22A17,1.3002,1.7238,1.4157,0.37615,0.53016,-0.23991,-0.54794,-0.81746,-1.318,-1.2795,-0.58644,-0.2014,-0.35542
HMGCR,1.5897,0.80644,1.4391,1.2583,0.77632,-0.33833,-0.82035,-0.76009,-0.85047,-0.72997,-0.94085,-0.85047,-0.57934
CYP1B1,1.3199,0.71053,1.0954,0.5181,1.8972,-0.15543,-0.8931,-0.79688,-1.1497,-0.8931,-0.73274,-0.73274,-0.1875
RDH10,1.2727,1.4391,1.1395,1.2061,0.83993,-0.25864,-1.0243,-1.0243,-0.6914,-0.45837,-0.85785,-0.85785,-0.72469
SYNPO2,0.50772,0.7383,1.8624,1.8336,0.56536,-0.70282,-0.96223,-0.96223,-0.55871,-0.44342,-0.73165,-0.58753,-0.55871
MID1,0.63736,1.6437,1.5431,0.87218,0.80509,-0.57027,-1.3083,-1.107,-0.6709,-0.369,-0.77154,-0.80509,0.10064
AA040147,0.97276,1.1576,1.9711,0.45509,1.1207,-0.46931,-0.91303,-0.69117,-0.8021,-0.58024,-0.46931,-0.6542,-1.0979
PQLC3,1.0151,1.6049,1.7524,0.75709,0.49906,-0.86484,-1.0123,-0.71739,-1.0123,-0.60681,-0.31191,-0.31191,-0.79112
ELF2,1.0735,1.2621,1.5638,1.1112,0.206,-1.0764,-1.4536,-0.77466,-0.85009,-0.4352,-0.81238,-0.095744,0.28143
HBP1,1.2392,0.50473,1.582,1.4841,0.4068,-0.7684,-1.7477,-0.67046,-0.37666,-0.96426,-0.27873,-0.27873,-0.13183
W67250,0.91958,1.2427,0.63239,1.3504,1.494,-0.7677,-0.9472,-0.15741,-0.5523,-0.7318,-1.1626,-1.1985,-0.12151
COL3A1,0.96007,1.6612,1.6963,0.29395,0.29395,-0.12675,-0.75781,-0.89805,-0.58252,-1.0383,-0.021575,0.083602,-1.5642
PDE8A,0.85558,1.3255,1.0122,0.93391,0.033139,-0.045189,-1.0634,-1.1418,-0.3585,-0.67181,0.26812,0.81641,-1.9642
C1orf198,1.3459,1.0974,0.25235,1.3956,0.6003,0.74942,-0.94059,-1.4874,-0.79147,-0.79147,-0.195,0.05353,-1.2885
SUSD4,0.73122,-0.16556,2.4052,1.4486,0.10347,-0.045989,-0.79331,-0.70363,-1.0026,-0.34492,-0.25524,-0.31502,-1.0623
SSPN,1.7058,0.20238,0.84671,0.41716,0.57824,1.0078,-0.97888,-0.7641,-1.2473,0.094997,-0.65672,0.52455,-1.7306
PGRMC2,0.89511,0.76954,0.18353,1.2718,0.93697,1.3137,-0.40248,-0.73734,-0.40248,-1.2396,-0.52805,-0.15133,-1.9094
VEZF1,0.52603,0.87974,2.4125,1.0566,-0.18139,-0.063487,-0.59405,-0.71196,-1.0362,-0.653,-0.80038,-0.97724,0.14284
TXNIP,-0.302815,0.924615,-0.53862,-0.65221,-0.199468,-1.4304,-1.32485,-0.86491,0.62769,1.47515,0.98545,1.1659,0.134475
HMGN3,-0.013056,0.46785,-1.088,-0.6637,-0.32423,-1.2012,-1.1163,-0.94659,0.07181,1.6277,0.94876,1.5711,0.66587
BM-002,0.59785,0.51934,-1.09,0.087564,-0.50123,-1.561,-1.4433,-0.34422,-0.61898,1.0296,0.87262,1.4222,1.0296
FAM111A,-0.1151,-0.46424,-0.68868,-0.18991,-0.53905,-1.3371,-0.86325,-0.56399,-0.46424,0.43354,1.4311,1.5807,1.7802
FPGT,0.49958,-0.35684,-0.53526,-0.24979,-1.0705,-1.2846,-1.3203,-0.82073,0.96347,0.32116,1.2489,1.4987,1.1062
KIAA1376,0.75888,0.79639,-0.55401,1.134,0.4963,-1.3417,-1.6793,-1.6043,-0.028855,1.0215,0.79639,0.27123,-0.066366
WEE1,0.69305,0.72308,0.24257,0.63298,0.21253,-1.5594,-1.5594,-1.4993,-0.77852,0.2726,0.36269,1.2336,1.0234
HLTF,0.29258,0.19981,-0.41865,0.045195,0.014272,-1.1917,-1.5628,-1.5937,0.10704,0.35443,1.2203,1.746,0.78735
HOXA11,1.4297,1.0342,-0.19164,-0.78481,0.0060838,-1.2198,-1.6152,-1.2198,-0.23118,1.1924,0.2829,0.32244,0.9947
USP49,1.2915,0.36419,-0.51437,0.16895,1.0963,-1.3929,-1.5882,-1.2465,-0.41675,-0.22152,0.41299,1.3404,0.70584
RAP140,1.4931,1.3309,-0.994,0.14141,0.68207,-1.3725,-1.3184,-1.2103,-0.6696,0.24954,0.57394,0.57394,0.51987
FLJ10971,1.6461,0.049137,-0.90903,0.049137,1.6993,-1.2284,-1.601,-0.53641,-0.53641,0.20883,0.26206,-0.0040947,0.90084
KBTBD6,1.5805,0.10811,-0.89579,-0.4273,0.71045,-1.8328,-1.4981,-0.092667,0.37582,0.24196,0.64352,1.3128,-0.22652
ZNF302,0.78733,1.1089,-1.3026,-0.016489,0.090687,-1.5705,-1.0882,-0.60596,-0.49878,1.3232,0.25145,-0.016489,1.5376
DHX57,0.52032,1.1545,-0.04336,-1.1003,0.59078,-1.4526,-0.3252,-1.3821,-0.88889,1.4363,1.2954,0.3794,-0.18428
SUPT20H,0.48483,0.17229,-1.4945,-1.2341,-1.0778,-0.97366,0.1202,-0.34859,0.068116,1.5787,0.79736,1.5787,0.32856
FLJ20008,0.88534,0.3908,-0.3735,-1.0479,0.84039,-0.46342,-0.82309,-1.4975,-0.82309,0.9303,0.88534,1.7845,-0.68822
MSL1,0.45487,0.20641,-0.68804,-1.5328,0.65364,-0.3402,-0.48927,-1.4334,-0.83712,0.85241,1.4487,1.5978,0.10703
CACNA1E,0.93014,0.53368,-1.0026,-1.2503,-0.011436,-0.40789,-0.70523,-0.70523,-1.1512,0.03812,1.8222,1.5248,0.38502
CREBZF,1.1125,0.9417,-0.70956,0.14454,0.20148,0.88476,-1.1651,-1.279,-0.59568,-0.14016,0.657,1.5111,-1.5637
STX7,0.87645,0.7765,-1.0225,-0.3229,0.52664,-0.57276,-1.1225,-1.6222,0.2268,0.17683,1.5261,1.3762,-0.82263
ALDH3A2,1.3095,0.56028,-1.604,-0.48024,0.3938,-0.022411,-0.68834,-1.4375,-1.0629,0.6019,0.72676,1.5592,0.14407
MEIS1,1.8576,0.86323,-1.1728,-0.50992,-0.55727,0.34238,-0.74667,-1.0781,-1.1728,0.62648,1.3841,0.48443,-0.32052
NEDD4L,0.68406,-0.38664,-1.1302,-1.1599,-0.059483,-0.059483,-0.53535,-0.92199,-1.041,0.92199,1.606,1.725,0.3569
AGGF1,0.77589,0.49571,-1.3722,-0.81181,-1.1387,-0.71841,-0.15805,-0.25144,-1.092,0.26222,1.523,1.3829,1.1028
F2R,0.11149,-0.34145,-0.43204,-1.4738,1.5156,0.29267,-0.25086,-0.97556,-1.3832,0.020905,0.56443,0.42855,1.9233
PLEKHA5,1.6017,1.0124,0.65883,1.2089,0.38381,-1.4234,-0.95198,-0.99127,-1.227,-0.16622,-0.51981,-0.32337,0.73741
THBS3,1.2571,1.336,1.0202,0.78338,1.1781,-1.1508,-0.91395,-1.0718,-1.2692,-0.36133,-0.55869,-0.44027,0.19129
DAAM1,1.5165,1.3691,0.52155,0.26361,1.3322,-0.91555,-1.284,-1.5051,-0.84185,0.18991,-0.10488,-0.10488,-0.43651
KIT,1.033,1.5117,1.1175,1.0049,0.41365,-0.93776,-1.3319,-1.3319,-1.2475,0.13211,0.0758,0.019491,-0.45913
H83657,0.83473,0.5623,1.5158,0.38069,0.69851,-0.66359,-1.3446,-1.4809,-1.4354,0.15367,0.5623,0.88013,-0.66359
SULT4A1,1.3811,0.65879,1.3295,1.2263,-0.11509,-0.57942,-1.2501,-1.3533,-1.4049,-0.11509,-0.11509,0.71038,-0.37305
ECM2,1.2405,1.674,0.4602,0.72031,0.50355,-0.79701,-1.1872,-1.664,-1.0571,0.6336,-0.016674,0.07003,-0.58025
N64208,1.2725,1.5889,0.36855,0.23295,1.2725,-0.76144,-1.0326,-1.4846,-1.3942,0.23295,-0.21904,0.23295,-0.30944
CYP4V2,1.3856,1.6393,0.26932,-0.08587,0.62451,-0.39032,-1.3544,-1.5066,-1.4559,0.066354,0.57377,0.42154,-0.18735
LDB2,1.1199,0.4738,1.1199,0.68917,0.12922,-0.60302,-1.5937,-1.8952,-0.94761,0.94761,-0.043073,-0.086146,0.68917
HMGB2,1.2052,1.564,0.76666,0.8464,-0.30973,-0.828,-1.4659,-1.5057,-0.98746,0.4876,-0.23,-0.1104,0.56733
SLC35E2,0.96769,2.0878,0.49379,0.88153,0.7092,-0.84176,-1.2726,-1.2295,-0.88484,0.2353,-0.58327,-0.32477,-0.23861
GTF2I,1.3913,1.7469,0.17196,0.42598,0.73081,-1.1998,-1.3014,-1.2506,-0.79334,0.27357,-0.3361,-0.53932,0.68001
PNRC1,0.89721,1.6178,0.84383,1.5645,0.60361,-0.86436,-1.2113,-1.1846,-0.97112,-0.25048,-0.49069,-0.41062,-0.14372
TCF7L2,1.5369,1.0555,0.76662,1.6814,-0.099994,-0.38887,-1.3518,-1.3036,-1.111,-0.24443,-0.29258,-0.051849,-0.19629
SAV1,1.326,1.3625,0.88775,1.253,0.23037,-0.79223,-1.267,-1.3766,-1.1574,-0.42702,-0.42702,0.37645,0.011237
TGFBR3,0.67168,0.67168,1.1921,1.5969,1.0765,0.32472,-1.3523,-1.3523,-1.0053,-0.45594,-0.54268,0.0066723,-0.83182
FYN,0.83577,1.0175,0.76309,0.79943,1.4535,0.32704,-1.1628,-1.4898,-1.4172,-0.54506,-0.32704,0.50873,-0.76309
HDHD3,1.0093,1.1941,1.5267,0.67664,1.231,-0.32126,-0.98653,-1.2822,-1.2822,-0.17343,-0.61694,-0.4691,-0.50606
PDZRN3,0.53183,0.60865,1.5305,1.3769,1.0312,-0.42842,-1.1582,-1.4271,-1.4271,-0.23637,-0.044319,-0.58206,0.22455
LPIN1,1.7053,0.66148,0.36324,0.36324,1.1088,0.31354,-1.625,-1.3268,-1.625,0.015294,-0.084119,0.11471,0.015294
DDIT3,0.34102,1.492,1.0231,1.3641,-0.085254,-0.042627,-0.85254,-1.1936,-0.98043,-1.0231,-0.4689,1.2788,-0.85254
SH3D19,0.76618,0.62183,0.86241,1.5842,-0.34052,0.47747,-1.4953,-1.784,-1.2548,0.52559,0.33312,-0.19617,-0.099936
ACF7,1.203,1.111,0.32906,0.74304,0.65104,-0.26891,-1.6488,-1.5108,-0.72888,-0.77488,0.51305,1.111,-0.72888
TAX1BP1,0.38842,1.6715,0.057308,1.092,0.51259,-0.10825,-1.4327,-1.7224,-1.1844,-0.39797,0.55397,0.80231,-0.23241
COBLL1,1.5586,1.1139,-0.36875,0.32313,0.17487,0.66908,-1.3077,-1.5054,-1.456,-0.46759,0.91618,0.61966,-0.26991
PDE8B,1.9114,0.44696,0.21076,-0.26164,0.63593,-0.4506,-0.63956,-1.6788,-1.5844,1.1556,0.44696,0.16352,-0.35612
ZNF521,0.99555,1.2428,0.33608,0.70703,0.58338,-0.28218,-1.3126,-1.4775,-1.6011,1.3253,-0.44704,0.0063411,-0.076093
AHR,1.0395,1.2278,0.6628,0.23904,0.56863,-0.18471,-1.1735,-1.7856,-1.456,0.9453,0.14487,0.56863,-0.79681
ACACA,2.1837,0.83466,-0.39703,0.24814,0.5414,0.072187,-0.98355,-1.3355,-1.6874,0.60006,0.072187,0.072187,-0.22107
W45465,1.6698,1.5306,0.13915,0.64935,0.69573,-0.23191,-0.97403,-1.4842,-1.2523,0.55659,0.07161839,-0.55659,-0.74212
CAMK2D,1.5033,1.1293,1.0358,0.52148,1.0358,-0.55385,-1.3019,-1.4889,-0.97464,0.1007,0.19421,-0.36684,-0.83437
PXK,1.2973,1.0379,-0.14827,0.40773,1.0749,-0.85253,-1.4456,-1.668,-1.2603,0.18533,0.3336,0.40773,0.63013
TBCK,1.3398,0.84501,-0.24361,1.0429,0.69656,-0.24361,-1.1343,-1.827,-1.5796,0.25122,-0.19412,0.39967,0.64708
SRGAP2,0.71338,0.64737,-0.67276,0.68038,0.97741,-0.63976,-1.1018,-1.7289,-1.1348,-0.0787,0.31734,0.25133,1.7695
DPYD,0.61771,1.2796,-0.13237,0.044122,0.61771,0.088245,-0.83833,-1.7649,-2.1179,0.61771,0.44122,0.44122,0.70596
FAM102B,1.2819,1.1996,0.66468,-0.36399,0.74698,-0.52858,-0.94005,-1.475,-1.763,-0.11711,-0.2817,0.74698,0.82927
BBS2,0.88837,1.9221,0.49628,-0.14532,0.53192,-0.6087,-1.0008,-1.2859,-1.7493,-0.35919,0.24677,0.28241,0.78144
SERPINA7,1.1107,0.31831,0.53842,0.80254,0.80254,-0.25397,-0.73821,-1.7067,-2.0148,-0.34201,-0.16593,0.84657,0.80254
RB1CC1,0.95741,1.0003,0.31363,1.4724,0.52822,-0.072631,-1.0168,-1.4031,-1.961,0.013206,-0.54473,0.099042,0.61406
PBX1,1.6422,1.3524,0.67619,0.57959,0.2415,-0.2898,-1.0626,-1.4007,-1.5939,-0.1932,-0.2898,-0.43469,0.77279
RAB11FIP2,1.6953,0.69998,0.17864,0.5104,0.84216,-1.0062,-1.3854,-1.1484,-1.5749,0.27343,-0.24791,0.36822,0.79477
TFPI,1.185,0.094382,-0.22372,0.73059,0.59426,-0.99625,-1.0417,-1.1326,-1.7688,0.3216,0.094382,0.45793,1.6849
AHRR,1.3256,0.60353,-0.070351,-0.11849,0.89234,-1.2256,-0.31102,-1.4663,-1.8513,0.21846,0.26659,0.50727,1.2293
ADD3,0.8804,1.2195,0.37172,0.074997,1.0076,-0.64562,-1.0695,-1.4934,-1.7054,-0.26412,-0.22173,0.75323,1.0923
B3GALT6,1.203,2.0635,-0.062294,-0.36598,0.34262,-0.41659,-1.1758,-0.66966,-1.3782,-0.66966,-0.51782,1.0006,0.6463
TCAF1,1.1088,1.6156,-0.41148,-0.12994,1.1651,-1.1998,-1.3687,-0.97456,-1.1435,0.20791,-0.12994,0.32052,0.93991
SLC35A1,0.50548,1.8271,0.46877,-0.41229,1.203,-1.2199,-1.0731,-1.0364,-1.4769,0.46877,-0.1186,0.2485,0.61561
AA010407,1.3409,1.0137,-0.43497,-0.20131,-0.15458,-0.6219,-1.5098,-1.3696,-1.1827,0.8268,0.967,1.1539,0.17255
IFIT2,1.4187,1.1435,-0.46232,0.36351,0.04235,-0.69172,-1.3799,-1.334,-1.0588,-0.46232,0.04235,1.1435,1.2352
CALCOCO1,2.2173,0.58679,-0.17021,0.0044793,0.99441,-0.63606,-1.1019,-1.3931,-1.2766,-0.053752,-0.17021,0.52856,0.47033
LSAMP,1.3633,0.50648,-0.75625,-0.03469,1.0927,-0.03469,-1.4778,-1.1621,-1.2974,1.1378,0.82216,0.59668,-0.75625
ZBTB44,1.4531,0.24646,0.8706,-0.58574,0.62095,-0.66896,-1.3763,-1.2931,-1.5012,1.2451,0.37129,-0.0032007,0.62095
XRN1,1.28,-0.4892,0.036782,-0.15449,1.4713,-0.72829,-1.3977,-1.2543,-1.1586,1.0888,1.0888,0.3715,-0.15449
ZBED5,1.2632,-0.7793,0.078559,-0.2074,-0.82015,-0.57505,-0.94271,-1.0653,-1.3104,0.73217,1.0181,1.1815,1.4266
ANGEL2,1.5444,-0.21875,-0.105,0.29313,-0.105,-0.90125,-1.5269,-0.44625,-1.6406,0.065625,0.805,1.4875,0.74813
H05758,1.0611,-0.3934,-0.29956,-0.67491,-0.018046,-0.11188,-0.90951,-0.90951,-1.6602,0.45114,0.87342,2.1402,0.45114
PHF3,0.32761,0.48248,-0.29187,0.13402,-0.52417,-1.2985,-0.91134,-1.1824,-1.1824,0.90836,1.1794,1.8763,0.48248
ADGRL2,0.62548,-0.19195,-0.19195,1.0987,0.6685,-1.5256,-1.0954,-1.3105,-1.3105,1.0557,0.62548,1.0987,0.45339
CLCN3,0.21415,-0.18355,-0.26309,-0.30286,0.77092,-1.2971,-1.0585,-0.93918,-1.138,0.5323,1.6061,1.8049,0.25391
TIA1,0.53558,0.53558,0.17187,-0.19185,-0.13989,-1.283,-1.7506,-0.76341,-1.0232,1.315,0.58754,1.6787,0.32775
HCGVIII-1,0.11991,1.1455,0.53013,0.20195,-0.0031555,-1.7671,-1.562,-0.57746,-0.98769,0.44809,1.1044,1.4326,-0.0852
R70902,0.75405,0.42573,0.42573,0.42573,-0.98135,-1.9663,-0.69993,-0.55922,-1.3566,1.0355,0.94166,1.1293,0.42573
CDKN1B,1.6049,0.1395989,0.76234,-0.080246,-0.44136,-0.96296,-1.1235,-1.2839,-1.0432,0.12037,0.84259,1.7253,-0.12037
KBTBD7,1.7105,-0.012046,0.77092,0.77092,-0.58622,-1.2648,-1.056,-1.4736,-1.056,0.92751,0.19675,0.35334,0.71872
R43550,1.8131,-0.42156,0.48295,0.32333,-0.90041,-0.794,0.27012,-1.7517,-1.2729,0.64257,0.21692,1.2278,0.16371
H92076,1.1299,0.19615,0.59121,0.84262,0.33981,-1.1686,-1.1686,-1.4559,-1.4559,0.69896,1.094,0.8067,-0.45032
HSF2,0.71802,0.34164,0.37927,0.52983,0.19108,-0.71222,-1.0886,-1.4273,-1.6155,0.49219,1.5837,1.2073,-0.59931
R72963,0.88555,0.41999,1.0548,1.1818,0.92788,-0.46882,-0.97671,-1.5692,-1.7385,-0.0032557,0.16604,0.75858,-0.63812
SIAH1,0.50438,-0.035115,1.4589,1.0854,0.047884,-0.78211,-1.0311,-1.2386,-1.6121,0.0063846,0.37988,1.5419,-0.32561
KLF12,1.4646,0.31763,1.3729,1.0517,0.08823,-1.1505,-1.2882,-1.2882,-1.1046,0.31763,0.40939,0.45527,-0.64584
WW45,0.61958,0.54954,1.7402,1.0048,0.86472,-0.88627,-1.3415,-1.0964,-1.3415,-0.010775,-0.22089,0.72464,-0.60611
NAA16,0.24926,-1.0763,2.0536,0.43337,0.10197,-0.92906,-1.0027,-1.2605,-0.52401,-0.30308,0.83842,1.3539,0.065147
H29270,0.5895,1.0345,-0.44878,-0.27574,0.19397,-0.67127,-1.1163,-1.3635,-1.4623,-0.077966,1.0592,1.6031,0.9356
R17893,0.56283,0.38499,-0.55502,-0.14853,0.20715,-0.37718,-1.1139,-1.4696,-1.2918,-0.19934,1.4012,1.8331,0.76608
CDKN2C,0.24273,0.47865,-0.2881,-0.022685,0.74406,-0.75994,-1.2613,-1.4677,-1.2023,0.036296,0.921,2.0416,0.53763
SSX2IP,0.58503,-0.13643,0.79546,0.6151,-0.16649,-0.61741,-1.2788,-1.4892,-1.5794,0.19424,0.70528,1.6973,0.67522
TFDP2,0.67819,0.71171,-0.025787,0.41001,0.041259,-0.86386,-1.2661,-1.4337,-1.6014,0.007736,1.4492,0.91285,0.9799
OXR1,0.85077,0.31024,-0.31344,0.10235,0.68445,-0.9787,-1.3945,-1.0203,-1.7271,0.68445,0.68445,1.5576,0.55972
HNMT,0.40327,0.95929,-0.5102,0.085542,0.80043,-1.1457,-1.4237,-0.94707,-1.5825,0.44298,0.60185,1.0387,1.277
ICE2,0.76214,0.28079,0.040112,0.20056,0.080225,-1.0028,-1.6847,-1.0028,-1.2836,0.080225,0.6418,1.7649,1.1231
KIAA0923,0.59551,0.56882,-0.41891,-0.28543,-0.25874,-0.44561,-1.0062,-1.3266,-1.3532,0.30186,0.40864,0.99594,2.2239
RFX5,1.6012,0.58257,-0.25892,-0.037475,0.18397,-0.25892,-1.189,-1.4104,-1.189,-0.39179,0.051103,0.36113,1.9555
MRE11A,1.8623,0.016077,-0.71545,-0.2626,0.39926,-1.029,-1.0638,-1.1335,-0.95929,0.43409,0.95661,1.514,-0.018757
NBPF1,1.7714,0.98051,-0.78727,-0.60119,0.70138,-0.46162,-1.0199,-1.4386,-1.1594,0.050099,0.42226,1.2131,0.32922
NBPF14,1.3278,1.0056,-0.97371,-0.053112,0.86749,-0.74356,-1.1118,-1.2499,-1.342,0.22307,0.31513,1.4659,0.2691
STK38,1.2919,-0.33175,-0.68693,0.1249,0.58154,-0.63619,-1.2958,-1.651,-1.0421,0.7845,0.68302,0.93672,1.2411
T98859,1.7468,0.062805,-0.60058,-0.65161,0.62413,-0.75366,-1.0088,-1.315,-1.2129,0.9303,0.26692,0.62413,1.2875
ROR2,2.4359,0.42987,-0.71646,0.095527,0.23882,-0.38211,-1.2419,-1.1941,-1.1941,0.38211,0.047764,0.47764,0.62093
CEBPG,0.62317,0.21607,-0.55741,0.70459,0.86743,-0.31315,-1.4937,-1.5344,-1.2902,1.8038,0.093946,0.37891,0.50104
CEP57,-0.5405,0.91956,-0.49488,0.69142,-0.10705,-0.24393,-1.2021,-1.2477,-1.4074,0.62298,0.0070195,1.1933,1.8093
PLSCR1,0.58129,0.77605,-0.54833,-0.19776,-0.66518,-0.58728,-1.0158,-1.2495,-1.0158,0.62024,0.54233,0.42548,2.3341
DDX17,-0.0086453,0.25359,2.6887,0.77807,-0.87029,-0.49566,-0.34581,-1.5072,-0.23342,0.29106,-0.046108,0.21613,-0.72044
EFCAB7,0.36157,-0.048783,0.36157,1.145,-0.49644,1.145,-1.541,-1.7275,-1.0187,0.51079,-0.30992,1.4434,0.17505
SNX29,1.5564,-0.27399,1.0122,1.2596,-0.57082,0.71542,-0.7687,-1.956,-1.115,0.36913,-0.42241,0.27019,-0.076109
ARL14EP,0.66006,1.4043,-0.39065,0.17849,0.7914,-0.43443,-0.39065,-1.0911,-1.31,0.52872,-0.040412,1.667,-1.5727
UACA,-0.059804,0.78526,0.24442,0.10921,1.0219,-0.46543,-0.97247,-1.0739,-1.3105,0.10921,0.98807,1.9007,-1.2767
PEAK1,1.554,0.51163,-0.67962,0.26345,1.3554,-0.62999,-0.58035,-1.6227,-0.82853,0.26345,0.71017,0.90871,-1.2256
R51896,0.47532,1.0205,1.9656,0.18453,0.80245,-0.46973,-1.3421,-1.4148,-0.36068,0.075492,-0.0699,0.47532,-1.3421
GOPC,0.69851,0.87744,0.78798,0.65378,1.1011,-0.95658,-1.8065,-0.95658,-0.33033,0.43012,0.51958,0.56431,-1.5828
ATRX,0.44163,0.71794,0.71794,0.38022,1.8846,-0.32591,-1.0627,-0.93993,-1.554,-0.44871,0.44163,0.90215,-1.1548
KIAA0355,1.2355,0.59133,0.54839,-0.13875,1.665,-1.2983,-1.3842,-0.56821,-1.3842,0.3766,0.4625,0.59133,-0.69705
NARS,1.1172,0.76787,-0.030715,0.019197,-0.33018,-0.33018,-0.57974,-1.578,-0.77938,-1.1288,0.56822,2.2153,0.069108
ATG4C,0.65615,-0.68263,0.54139,1.0769,-0.14712,-0.79738,-1.7536,-1.6006,-0.64438,0.65615,0.65615,1.0387,1.0004
YYY,1.3899,-0.1463,0.95097,0.54864,-0.84124,-0.76809,-1.3167,-1.1704,-1.207,0.29261,0.80467,1.4996,-0.036576
NR1D2,0.67985,0.70696,0.57141,0.57141,1.1949,-0.54013,-1.4348,-1.7601,-1.5432,0.11053,0.59852,0.86962,-0.025025
N33510,1.1282,1.2619,0.69391,0.62709,0.42662,-1.0434,-1.578,-1.5446,-1.2773,0.22616,0.19275,0.42662,0.46003
W73942,0.7233,0.896025,0.79315,0.897935,0.90083,-0.812555,-1.66845,-1.4598,-1.14545,-0.030675,-0.3978945,0.47593,0.82776
FOXF2,0.32461,1.2784,0.35351,0.49803,0.81596,-0.54249,-1.6408,-1.4963,-1.4963,-0.28236,0.49803,0.81596,0.87377
ZFP36L2,0.7831,0.61455,1.5921,0.61455,1.3562,-1.1046,-1.5766,-1.2732,-0.86867,-0.19448,-0.05964,0.31116,-0.19448
NSL1,-0.031416,-0.1174,0.8284,0.29101,-0.35385,-1.1062,-1.4071,-0.93422,-1.0632,0.52746,0.57045,0.57045,2.2256
PPM1B,0.60729,0.60729,1.5665,-0.093647,0.23837,-0.97904,-1.1635,-1.2004,-1.1635,0.23837,-0.49945,0.017027,1.8247
LRRC32,1.5872,-0.27366,-0.21892,1.7514,0.71151,-1.2041,0.16419,-1.423,-1.2588,0.43785,0.16419,-0.65677,0.21892
TSTD2,1.1556,0.33301,-0.57612,0.54947,-0.27307,-1.3121,-0.40295,-1.009,-1.0956,-0.1432,0.073263,0.33301,2.3677
IFIT1,0.37774,0.51905,-0.15218,1.1903,0.23643,-1.53,-0.96473,-0.82342,-1.4947,0.66037,0.059786,0.059786,1.8615
PSPH,0.48076,-0.27472,1.6483,1.923,-0.1717,-0.54944,-1.0645,-1.2362,-1.3049,0.04396707,0.06868,0.72114,-0.24038
KIAA1462,0.89505,0.017607,1.8488,1.658,0.13206,-0.17314,-0.63093,-1.2032,-1.5465,-0.63093,-0.40204,0.3228,-0.28759
DAPK1,2.9083,-0.31635,-0.36309,0.61833,0.43139,-0.55002,-0.9239,-0.7837,-0.97063,0.010785,-0.12942,-0.035949,0.10425
ZRANB1,2.719,-0.14031,-0.73188,0.30337,1.0428,-0.23891,-0.83048,-0.92908,-1.0277,-0.23891,-0.2882,0.20478,0.15548
PTGFRN,1.0612,1.8727,-0.35893,-0.35893,0.19897,1.1119,0.60472,-0.71396,-0.96756,-1.069,0.24969,0.046817,-1.6776
REEP5,1.4502,0.34772,-1.1958,-0.5343,-0.36892,1.4502,0.29259,-1.4715,-0.58943,1.4502,0.23747,-0.038164,-1.0304
ASPH,0.46965,1.5753,-0.7322,0.03698,0.99846,1.1427,0.22928,-1.5975,-0.15532,0.13313,-0.25146,0.085054,-1.9341
ITFG1,1.1096,-0.70685,-0.54658,0.41507,-0.86713,1.3233,-0.27945,-1.1877,-0.49315,0.094521,1.6973,0.84247,-1.4014
CPT1A,0.33581,-0.013432,0.99063,0.99063,-0.44998,1.2089,-0.6246,-2.0216,-0.23171,-0.40633,0.99063,0.68504,-1.454
T85042,-0.091796,-0.14152,1.0518,-1.0365,0.85294,0.40543,-0.091796,-1.5835,0.95238,-0.88736,0.80321,1.3004,-1.5338
FBN1,1.4684,0.54551,-0.71738,-0.3288,0.10835,0.39979,-0.52309,-1.4945,0.15693,1.1284,0.69122,0.59408,-2.0288
R55334,0.48554,-0.5338,0.32872,-0.25936,-0.80824,-0.72982,0.25031,-1.1611,-1.0043,-0.024126,1.8185,2.0538,-0.41618
PBX3,-0.14774,-0.42882,0.48467,-0.03063,-0.28828,-0.38197,-0.45224,-1.272,-0.9207,0.13333,1.1405,2.663,-0.49909
EPS15,0.13611,0.1056,0.075096,0.77677,0.22763,-0.13846,-0.38252,-0.93166,-1.4503,-0.59607,2.3632,0.95982,-1.1452
PLA2R1,0.083641,-0.102,0.1632,-0.02244,0.2958,-0.12852,-0.60589,-0.57937,-0.89761,2.9744,0.11016,-0.075481,-1.2159
PCSK6,0.81504,0.40577,-0.45824,0.90599,-2.3227,1.3153,0.087451,-0.91299,-0.73109,0.86052,-0.50372,-0.23087,0.76957
W88694,0.16108,0.29403,0.26079,-0.70312,-1.7003,-1.0355,0.12784,-0.038352,-1.1352,0.89233,0.094602,0.55994,2.2219
ZNF616,0.75843,0.31695,-0.026413,-1.7432,-1.547,0.31695,1.6904,-0.22262,-0.56599,1.0527,-0.32073,-0.66409,0.95464
ANGPTL2,-1.3472,0.86193,2.1601,0.63418,0.33811,0.56586,0.48615,-0.037666,0.15592,-0.96003,-0.94865,-1.0853,-0.82339
PDGFRB,-1.336,0.17791,2.4971,1.1249,0.44204,0.40339,0.042619,-0.10556,-0.67892,-0.58873,-0.70469,-0.9495,-0.32459
GNAI2,-0.023549,-1.2481,0.89486,2.3643,0.40504,0.55811,-0.20723,-0.42152,-1.3705,0.28259,-0.20723,0.12952,-1.1562
MEG3,0.38064,-0.036689,2.2586,1.6625,-0.42421,-0.036689,0.5595,-0.54345,-1.0204,-0.51364,-0.60307,-0.60307,-1.08
R37986,0.326,0.054333,2.1461,1.3583,-0.46183,0.92365,-0.081499,-1.2496,-1.0323,-0.38033,0.07161839,-0.40749,-1.1953
CYP2C9,0.5032,0.072165,1.2892,2.1259,-0.35887,1.1117,-0.0039008,-1.1195,-0.89134,-0.7392,-0.40959,-0.48565,-1.0942
FADS2,1.5151,0.44745,1.4415,1.2574,-0.067967,0.37382,0.59471,-0.73064,-1.062,-0.65701,-0.91472,-1.062,-1.1356
ELANE,0.51241,-0.54159,1.8404,2.1988,-0.30971,0.42809,-0.30971,-0.66807,-1.0475,-0.47835,-0.33079,-0.39403,-0.89995
W86869,0.63053,0.53026,1.9089,1.0316,0.45506,0.45506,0.22946,0.10412,-0.52255,-1.049,-1.2495,-1.3498,-1.1743
AA055520,0.12051,0.83745,2.0324,0.8109,0.25328,0.20017,0.35949,0.35949,-0.038809,-1.1275,-1.1541,-1.393,-1.2603
C1R,0.40626,0.53912,2.4989,0.73842,0.20696,-0.058767,-0.091983,0.10731,-0.091983,-0.88917,-1.0553,-1.3874,-0.92239
AA004769,0.34284,0.76331,2.0808,1.1557,-0.27384,0.31481,0.59512,-0.077624,-0.69431,-0.86249,-1.2269,-1.311,-0.80643
L3MBTL2,0.075294,0.18405,2.5495,1.2173,0.18405,0.29281,-0.033464,-0.41412,-0.57725,-0.93072,-1.0395,-1.121,-0.38693
LPL,-0.3317,0.88452,1.9349,0.85688,0.16585,0.11057,0.52518,0.44226,-0.82924,0.19349,-1.465,-1.5203,-0.96744
AA026215,-0.053117,0.61513,1.6843,0.72651,0.10281,0.50376,0.77106,1.0606,-0.52089,-1.1446,-1.1669,-1.3228,-1.256
AA026313,0.80411,0.74333,2.2323,0.561,0.22674,-0.04675,-0.47218,0.044413,0.3179,-1.2926,-0.68489,-1.1103,-1.323
NUPR1,0.4588,0.9676,2.1831,0.5436,0.57186,0.11959,0.40226,-0.53055,-0.30441,-1.0959,-0.92629,-1.1807,-1.209
AA039465,1.1847,0.91636,0.64806,1.292,1.3188,0.5944,-0.26418,-0.72029,-1.0423,-0.9886,-0.90811,-0.88127,-1.1496
PAPPA,0.75021,0.44115,1.231,1.437,0.64719,1.0936,0.13208,-0.65776,-1.1729,-0.45171,-0.96682,-1.2415,-1.2415
PSAT1,1.057,1.4194,1.51,1.0268,0.48319,0.1812,-0.24159,-0.51339,-1.1174,-1.1174,-1.057,-0.84558,-0.78518
FDFT1,1.0548,0.99237,1.5859,0.99237,0.27392,0.46135,0.3364,-0.38205,-0.91308,-1.1005,-1.2567,-1.2879,-0.75689
CYP51A1,0.9808,1.0892,1.0169,0.83632,1.0892,0.8002,0.077798,-0.39177,-0.86133,-1.1142,-1.2587,-1.1503,-1.1142
AA045738,0.49862,1.5186,0.69605,1.2554,1.2225,-0.027842,0.26829,-0.15946,-0.88335,-1.2124,-1.015,-0.78463,-1.3769
DPYSL3,-0.10575,1.0846,1.3026,1.8726,1.0679,0.12897,-0.35724,-0.64226,-0.79315,-0.89374,-1.0111,-1.0446,-0.60873
IDI1,0.368276667,0.42263,0.890783333,1.331733333,1.47611,1.037096667,0.016843333,-0.759166667,-0.965933333,-0.93595,-0.943076667,-0.8966,-1.04271
OXSR1,0.36974,0.22974,0.46307,1.4897,1.9097,0.92973,-0.096921,-0.75024,-1.1936,-0.98357,-0.9369,-0.72691,-0.70358
INSIG1,0.16205,-0.010626,0.2081,1.1521,2.499,0.80672,-0.18331,-0.49413,-0.83949,-0.80495,-0.83949,-0.851,-0.80495
TMTC1,0.062461,-0.055955,2.0248,2.2109,-0.1067,0.13013,-0.22512,-0.49579,-0.4112,-0.88487,-0.83412,-0.83412,-0.58037
CCNL1,-0.42672,-0.1258,1.6404,2.3862,0.057365,0.22745,0.14895,0.070448,-0.85846,-0.81921,-0.89771,-0.96313,-0.4398
UGCG,0.063206,0.55622,2.6561,0.99445,0.13625,-0.6124,-0.4298,0.37362,-0.63066,-0.7037,-0.75848,-1.0506,-0.59414
SCD,0.37523,0.63391,2.1121,1.1513,0.39371,0.44914,0.061117,-0.086701,-0.71492,-1.0475,-1.1029,-1.1584,-1.066
APOD,-0.13085,0.5016,0.52341,1.1777,1.0032,0.69788,0.63246,1.1777,-0.52341,-1.025,-1.2867,-1.5048,-1.2431
PLPP3,-0.1873,-0.10111,-0.94148,-0.35968,0.15747,-0.53207,-1.1354,-0.57516,2.5493,1.5365,0.11437,-0.27349,-0.25194
AA021170,0.59835,-0.035953,0.83204,-1.6718,0.36466,0.56497,-0.13611,1.2327,1.0991,-0.002568,-0.40318,-2.1726,-0.26964
W67988,-0.39438,0.33194,-0.37302,-1.1634,1.2292,0.97282,1.1224,1.336,0.73783,-0.5012,-0.73618,-1.0353,-1.5266
NEDD9,-0.19259,-0.24624,-0.80064,-0.15683,1.721,1.7925,0.89831,0.96985,-0.67545,-0.81852,-0.99736,-0.94371,-0.55027
SMC2,-0.38369,-0.26363,-0.26363,-0.78754,-0.14357,-0.63473,-0.80937,-0.91851,-0.89668,0.2057,1.188,1.9957,1.7119
NUSAP1,-0.42054,-0.30393,-0.46856,-0.47542,-0.42054,-0.65377,-0.64691,-0.7498,-0.70864,-0.084425,0.80731,1.9391,2.1861
AA009547,-0.18648,0.03761,-0.65505,-0.32909,-0.49207,-0.57356,-1.0829,-1.0625,-0.75691,0.62841,0.97473,2.2582,1.2396
PRIM2,0.34808,0.40195,-0.54076,-0.83704,-0.082876,-0.99865,-1.2411,-1.1064,-0.78318,0.8329,1.6679,1.4255,0.9137
NUCKS1,0.33171,0.55531,0.14005,-0.56268,0.044228,-0.8821,-1.4571,-1.1057,-1.0099,-0.14743,0.81084,1.5136,1.7691
LBR,0.14231,-0.096401,-0.19586,-0.31522,-0.11629,-0.6136,-0.97166,-0.95177,-0.93188,0.22188,-0.036724,1.1568,2.7084
N54485,-0.28437,-0.10466,-0.74646,-0.51542,-0.040483,-0.69512,-0.60527,-0.69512,-0.45124,0.049369,0.37027,0.74251,2.976
CENPE,-0.48728,-0.38237,-0.54376,-0.40658,-0.11608,-0.78585,-0.68095,-0.67288,-0.76971,0.24705,0.81192,1.1428,2.6437
MELK,-0.39186,-0.37952,-0.55221,-0.28085,-0.28085,-0.7989,-1.0086,-0.56454,-0.7989,0.2002,1.0636,1.5323,2.2601
HAUS1,-0.16893,-0.47035,-0.29811,-0.12587,-0.10434,-0.81483,-1.0732,-0.578,-1.0517,0.54156,0.86451,0.64921,2.63
MSH2,-0.67203,-0.38848,-0.48044,-0.45745,-0.16624,-0.94025,-0.84063,-0.91726,-0.14325,0.45451,1.3435,2.4164,0.7917
W93536,-0.48174,0.029854,-0.040711,-0.78164,-0.35825,-1.1874,-1.1345,-0.71108,-0.23476,0.62966,1.7587,2.0057,0.50617
POLD3,-0.58709,0.073238,-0.95564,-0.66387,-0.52566,-0.8635,0.057882,-1.186,-0.23389,0.31894,1.8853,1.8699,0.81035
FAF1,-0.30735,-0.4054,-1.1653,-0.52796,-0.28284,-0.33186,-0.69955,-1.1408,-0.18479,1.5556,1.0899,2.0949,0.30546
ADAMTS1,0.36737,1.5672,0.53205,1.0732,-0.57368,-1.4206,-1.5618,-1.35,-0.55015,0.76731,0.53205,0.29679,0.32032
ARL4D,1.1368,0.87017,0.83209,-0.12013,0.26076,-1.5294,-1.2247,-1.6437,-1.0342,0.48929,0.48929,0.75591,0.71782
SLC38A2,0.47574,-0.26272,0.9065,0.10651,-0.078106,-1.4319,-1.5858,-1.0935,-0.93964,0.47574,1.1527,1.3373,0.93727
AA035262,0.44838,0.013384,-0.21861,-0.24761,-0.6246,-1.5526,-1.2336,-0.6536,-0.33461,0.76737,0.41938,0.94137,2.2753
CNAP1,-0.30371,0.4094,0.30505,0.4094,-0.094993,-0.65157,-1.1908,-1.3473,-0.96464,-0.52982,0.61812,2.2357,1.1051
AA029676,-0.52158,-0.30842,-0.66368,-0.63323,-0.48098,-0.87684,-0.86669,-0.82609,-0.31857,1.0314,1.4578,0.98069,2.0262
PCNA,-0.46715,-0.26407,-0.66055,-0.50583,-0.37045,-0.71858,-0.88297,-0.73792,-0.38979,1.2445,1.7957,-0.070667,2.0278
N55327,-0.39648,-0.24216,-0.91088,-0.72569,-0.61253,-0.76685,-0.69483,-0.77713,0.066476,0.34425,1.4348,1.0027,2.2784
ARRDC4,-0.33926,-0.41927,-0.55928,-0.61929,-0.7693,-0.93932,-0.94932,-0.58929,0.19079,1.0409,1.6209,2.121,0.21079
TOP2A,-0.59591,-0.396555,-0.32585,-0.52708,-0.484045,-0.73515,-0.61953,-0.62409,-0.576395,0.021054435,1.10755,2.53155,1.22445
CKAP2,-0.55296,-0.44114,-0.23879,-0.31867,-0.52101,-0.64348,-0.56893,-0.70737,-0.69672,-0.031129,0.48005,2.3703,1.8698
R13146,-0.62735,-0.51194,-0.16187,-0.31575,-0.49655,-0.64274,-0.63889,-0.77354,-0.6889,0.003551,0.71524,2.0963,2.0424
R10991,-0.55574,-0.518,-0.49399,-0.53172,-0.55574,-0.63464,-0.62434,-0.6758,-0.58318,0.16123,1.0669,2.1337,1.8113
H68297,-0.63408,-0.52129,-0.4226,-0.4508,-0.53069,-0.67638,-0.53069,-0.66228,-0.61529,0.094353,0.87919,2.1763,1.8943
HSPC150,-0.48101,-0.5669,-0.75587,-0.60985,-0.27486,-0.79023,-0.85036,-0.69575,-0.42947,0.66998,1.1768,1.6148,1.9928
CENPF,-0.51111,-0.44836,-0.66016,-0.4562,-0.50327,-0.69154,-0.69154,-0.44836,-0.36206,-0.22086,0.8774,2.2345,1.8815
RRM1,-0.65741,-0.62349,-0.66306,-0.62915,-0.51045,-0.62915,-0.65741,-0.65176,-0.42566,0.55219,1.1683,1.7335,1.9935
CCNA2,-0.71751,-0.47607,-0.44663,-0.73517,-0.34652,-0.73517,-0.72928,-0.76462,-0.39363,0.44844,1.2846,2.1326,1.479
R20345,-0.57997,-0.46457,-0.40302,-0.4915,-0.64537,-0.58382,-0.59536,-0.6069,-0.44149,0.28555,1.0164,2.7782,0.73177
FEN1,-0.61486,-0.70254,-0.60999,-0.6246,-0.67818,-0.64896,-0.63434,-0.57589,-0.28851,0.5639,1.6793,2.1226,1.012
KPNA2,-0.34051,-0.29077,-0.53117,-0.39025,-0.51459,-0.54775,-0.62236,-0.71355,-0.80473,0.0491,0.51332,2.4116,1.7816
ARL6IP1,-0.43124,-0.58327,-0.7258,-0.49775,-0.34572,-0.52626,-0.52626,-0.42174,-0.68779,-0.15568,0.69949,2.2293,1.9727
RRM2,-0.65192,-0.49718,-0.65634,-0.6475,-0.52813,-0.43529,-0.5016,-0.71381,-0.53255,0.32953,0.87772,1.6204,2.3366
CDK1,-0.67308,-0.46811,-0.38515,-0.59011,-0.50227,-0.32171,-0.54619,-0.65843,-0.66332,-0.13627,1.035,2.4892,1.4205
OCLN,-0.46487,-0.41075,-0.50996,-0.44683,-0.45585,-0.62722,-0.60918,-0.60016,-0.72644,0.094361,0.66261,2.5297,1.5646
CKS2,-0.63901,-0.37495,-0.62474,-0.34641,-0.53196,-0.53196,-0.58905,-0.59619,-0.73179,0.017567,0.85256,1.9445,2.1514
CCNB1,-0.48739,-0.41101,-0.41101,-0.39191,-0.45302,-0.5485,-0.39955,-0.37663,-0.41483,-0.23914,0.028203,1.1014,3.0034
UGT2B7,-0.62425,-0.54601,-0.015047,-0.11565,-0.55718,-0.47335,-0.42864,-0.67455,-0.69691,-0.26096,0.24205,1.4046,2.7459
ATF3,-0.44012,-0.35859,1.4349,1.3831,2.2205,0.086085,-0.60316,-0.77362,-0.78104,-0.53646,-0.44012,-0.55129,-0.64022
PPP4C,-0.73951,0.67215,1.101,1.6818,1.646,0.53814,-0.59655,-0.85566,-1.079,-0.87352,-0.66803,-0.69483,-0.13196
BRD3,-0.34093,0.50129,1.9528,2.341,-0.33496,-0.5261,-0.64557,-0.62765,-0.66349,-0.44845,-0.47832,-0.40067,-0.32899
T95837,-0.35887,-0.65737,1.9406,2.4602,-0.33676,-0.071434,-0.14882,-0.41415,-0.17093,-0.6242,-0.43626,-0.60209,-0.57998
FOS,-0.48244,-0.014861,1.5167,2.7906,-0.34244,-0.32005,-0.28085,-0.41804,-0.54683,-0.44324,-0.48524,-0.51324,-0.46004
EGR1,-0.48174,-0.16076,1.6627,2.5232,-0.48174,0.58366,-0.45443,-0.70712,-0.50223,-0.76175,-0.39979,-0.37247,-0.4476
NR4A2,-0.54477,-0.54111,0.81968,2.9743,0.18684,0.41364,-0.32163,-0.52282,-0.59598,-0.29968,-0.35089,-0.61793,-0.59964
CXCL2,-0.67585,-0.30038,-0.29287,0.43555,-0.16521,3.0563,0.32291,0.16521,0.0075094,-0.45057,-0.69838,-0.72091,-0.68336
GEM,-0.25588,-0.75545,-0.24369,1.2307,0.60924,2.5832,0.53613,-0.52394,-0.93822,-0.37773,-0.65797,-0.58487,-0.62142
R16980,-0.37423,-0.65718,-0.58416,-0.43812,0.94926,2.2362,1.5425,0.6298,-0.78497,-0.66631,-0.70282,-0.54765,-0.60242
ATP1B3,-0.60233,-0.54592,-1.0198,0.43569,-0.24128,2.2184,1.7784,0.68392,-0.61361,-0.45565,-0.45565,-0.65875,-0.52335
ZBTB21,-0.52106,-0.86595,-1.1695,-0.010612,1.8794,1.976,0.38947,0.80334,-0.27273,-0.47967,-0.64522,-0.72799,-0.35551
W72835,-0.54482,-0.33459,-0.50857,-0.74055,-0.7478,2.8117,1.2675,0.13662,-0.58832,-0.30559,-0.044612,0.093127,-0.49407
TNFAIP3,-0.41942,-0.44988,-0.47425,-0.41333,-0.37677,3.2054,0.51877,-0.13309,-0.13918,-0.18183,-0.34022,-0.26102,-0.53517
HIVEP2,-0.53426,-0.86148,-0.7137,-1.0831,-0.16483,1.7562,1.8301,1.429,0.056836,-0.36538,-0.37593,-0.61871,-0.35482
GFM2,-0.61461,-0.55989,-0.16586,-0.68028,-0.60367,1.5306,1.8699,1.4759,0.28289,-0.68028,-0.93202,-1.0086,0.085877
CCL2,-0.7795,-0.66109,-0.30586,-0.33078,-0.4492,1.5825,2.4114,0.72868,-0.0004794,-0.41803,-0.85429,-0.89168,-0.03164
FAM175B,-0.62073,-0.6481,-0.36342,-0.12254,-0.50576,0.24972,2.7899,1.3665,-0.18824,-0.46196,-0.50029,-0.70284,-0.29225
IL1B,-0.4896,-0.42629,-0.31456,-0.37415,-0.42629,0.29995,2.4563,1.9051,-0.41139,-0.50078,-0.57154,-0.59016,-0.55664
CXCL8,-0.57598,-0.50744,-0.51811,-0.46311,-0.36337,0.9755,2.9506,0.43289,-0.0091561,-0.3408,-0.50539,-0.5177,-0.55792
R25353,-0.96902,-1.1239,-0.35874,0.57945,-0.46804,2.7291,0.9438,0.26976,-0.3132,-0.4225,-0.59557,-0.26765,-0.0035033
ETS2,-0.58336,-0.5256,-0.20376,-0.055226,-0.1625,2.8578,1.0836,0.39039,-0.1295,-0.7319,-0.67414,-0.70715,-0.55861
ETS1,-0.8475,-0.60771,-1.0747,-0.34269,0.83099,2.1814,1.2475,0.70479,-0.36793,-0.89798,-0.69605,-0.65819,0.52811
CLDN4,-0.56632,-0.82958,-0.68434,-0.75696,0.07821,2.4657,1.34,1.0768,-0.39384,-0.46647,-0.46647,-0.42108,-0.37569
PMEPA1,-0.67894,-0.807735,-0.67044,-0.565805,0.03658,1.707615,1.64525,1.49213,-0.010195,-0.3841,-0.516145,-0.63401,-0.61421
VEGFA,-0.51269,-0.65858,-0.89661,-0.29001,0.28588,2.1901,1.3148,1.4146,-0.2209,-0.61251,-0.75072,-0.73536,-0.52804
FLT1,-0.6663,-0.55434,-0.78845,0.1378,-0.18791,0.21923,1.3694,2.4178,0.66709,-0.65612,-0.99202,-0.97166,0.0054807
MAT2A,-0.72026,-0.63884,0.039667,-0.65241,0.026096,0.88101,1.7766,1.9666,0.32464,-0.3403,-0.85596,-1.2631,-0.54385
H25689,-0.6703,-0.83504,-0.72232,-0.60961,-0.82637,2.3731,1.584,0.73433,0.17074,-0.59226,-0.072032,-0.080703,-0.45354
FLYWCH1,-0.70473,-0.88548,-0.7951,-0.74992,-0.82899,2.0516,1.8257,0.92197,-0.12861,-0.038234,-0.20768,0.14251,-0.60306
THBD,-0.59319,-0.73636,-0.64256,-0.56357,-0.67218,1.3273,2.1863,1.5642,-0.54876,-0.61787,-0.32166,0.0041774,-0.38584
BMPR2,-0.35674,-0.71347,-0.69796,-0.68245,-0.69796,2.2955,1.2408,1.0702,0.77551,-0.57388,-0.49633,-0.82204,-0.34123
T48818,-0.42569,-0.90379,-0.33007,-0.73646,-0.71255,1.0445,1.7736,2.1082,0.06436,-0.80817,-0.11493,-0.60498,-0.35398
STC1,-0.49797,-0.6872,-0.62559,-0.50677,-0.49797,0.45261,2.0457,2.2217,0.10934,-0.58158,-0.52437,-0.55518,-0.35274
RGS4,-0.64712,-0.602,-0.77837,-0.65942,-0.63891,0.31677,1.9164,2.2979,0.22654,-0.25336,-0.1221,-0.40922,-0.64712
FCGR2B,-0.79839,-0.55372,-0.4507,-0.50221,-0.81127,0.734,0.57948,1.4551,2.2793,-0.064386,-0.20604,-0.42495,-1.2362
ATG4A,-0.86058,-0.69056,-0.2485,0.040544,-1.2516,1.6558,1.3667,1.0437,1.3157,-0.11248,-0.74156,-0.69056,-0.82658
T62684,-0.73761,-1.0765,0.27902,-0.22302,-0.6121,1.7977,1.6094,1.1074,0.7685,-0.6121,-0.6623,-0.80036,-0.83801
YRDC,-0.56157,-1.1587,-0.81198,-0.21485,-1.2165,1.4417,1.2491,1.9233,0.36302,-0.7542,-0.022226,0.093348,-0.33042
DUSP6,-1.079,-0.93234,-0.62688,-0.67576,-1.1645,2.0367,1.5235,0.47275,0.48496,-0.39474,0.55827,0.31391,-0.51692
GRPEL1,-1.0964,-1.0125,-0.72706,-0.76063,-1.4154,1.0861,1.5729,1.6065,0.44812,0.26345,-0.2402,0.31381,-0.038742
TMEM2,-0.87681,-0.8977,-0.61561,-0.66785,-1.1067,0.75304,1.0351,1.8083,1.7038,0.042595,-0.13502,-0.53203,-0.51114
FGF7,-1.0545,-0.97211,-0.9355,-0.60607,-0.50541,1.0319,1.9653,1.7,0.29072,0.19006,-0.14853,-0.359,-0.59692
W52295,-0.79508,-0.56598,-0.53073,-0.36331,-0.68053,2.2802,1.7955,0.80864,-0.31044,-0.081338,-0.31044,-0.38093,-0.86557
W44677,-0.85801,-0.69078,-0.64897,-0.76603,-0.32288,1.9263,2.0936,0.73066,0.08683,-0.021868,-0.28107,-0.32288,-0.9249
H02190,-0.54738,-1.2267,1.6604,1.4566,-1.0399,0.013064,-0.59833,0.26781,1.2019,-0.47945,0.36971,0.30178,-1.3796
ADRA2C,-0.57511,-0.99435,-0.45866,1.195,-0.99435,0.91552,-0.10929,-1.1574,-0.20245,-0.016125,1.4745,1.7307,-0.80802
T82817,-1.3481,-1.7,-0.21024,1.432,0.083015,0.88068,-0.010828,-0.45658,-0.010828,-0.66773,0.75164,1.7253,-0.46831
FURIN,-1.153,-1.46,0.26662,0.13872,-0.76935,0.023612,-0.19381,0.074771,1.0596,0.75263,1.1875,1.5712,-1.4984
MKI67,-0.68045,-0.54337,-0.50305,-0.89817,-0.80141,-0.59175,-0.34178,0.045281,-0.14825,-0.17244,0.48878,1.7709,2.3757
RPS2,-0.52372,-0.71785,-0.95358,-1.0506,-0.49599,-0.56532,-0.37119,-0.34346,-0.19093,0.58559,0.79358,1.8197,2.0138
SDF1,-0.76746,-0.72488,-0.98039,-0.78571,-0.65796,-0.54237,-0.53021,-0.20778,0.47358,0.71692,1.38,2.3534,0.27282
RAN,-0.74753,-0.66207,-0.74753,-0.61324,-0.83299,-0.4057,-0.11269,-0.19815,-0.13711,0.25356,1.2791,2.7197,0.20473
ITGA6,-0.62233,-0.81448,-0.72172,-0.69521,-0.52294,-0.6422,-0.57595,-0.12538,-0.16514,0.39144,1.2926,2.5846,0.61672
ACP1,-1.0634,-0.94129,-0.68954,-0.7582,-0.75057,-0.7582,-0.40727,-0.10211,0.66841,1.2711,1.5534,1.7594,0.21831
CDK7,-0.87608,-0.58154,-0.97426,-0.87608,-0.39745,-0.27472,-0.72881,-0.18881,0.31437,1.873,1.1857,1.8116,-0.28699
CNDP2,-0.68876,-0.69928,-0.99389,-0.93076,-0.7098,-0.4152,-0.66772,-0.35207,0.31079,1.7312,1.363,1.6891,0.3634
AA028949,-0.71455,-0.57164,-1.0783,-0.89643,-0.61061,-0.58463,-0.55865,2.88E-16,-0.20787,0.67557,0.89643,1.507,2.1436
RANBP1,-0.77463,-0.8402,-1.0369,-0.8402,-0.93198,-0.64351,-0.45994,0.117,0.14323,1.0086,1.2709,1.1135,1.874
SDCBP2,-0.72194,-0.77351,-1.3064,-1.2204,-0.58443,-0.60162,-0.29221,0.48129,0.48129,1.0657,1.1517,1.9596,0.36097
NOP56,-0.92453,-1.0704,-1.4183,-1.2612,-0.49809,-0.30731,-0.049205,0.13035,1.2638,0.96078,0.84856,0.94956,1.376
TRIM3,-0.90136,-0.98984,-1.2932,-0.77496,-0.49687,-0.80024,-0.52215,0.31212,0.81774,0.50173,1.2602,1.475,1.4118
HSPA8,-0.73765,-0.87552,-1.2585,-1.0747,-0.99807,-0.37,0.51848,-0.26277,0.10487,1.5908,0.99335,0.91676,1.4529
TBCB,-0.91675,-0.84514,0.065313,-0.02164,-0.86048,-0.75819,-0.31319,-0.052329,0.29548,-0.47175,0.39778,0.62284,2.8581
CENPN,-0.59174,-1.6194,-1.0754,-0.93934,-0.017438,1.0556,0.6022,1.509,1.3579,0.14881,0.46618,0.16392,-1.0602
T54874,-0.60025,-0.91437,-1.3442,-1.0466,-0.3192,0.55701,0.59008,1.8796,1.7143,-0.45146,0.094107,-0.55065,0.39169
R16047,-0.83086,-0.91875,-1.1824,-1.0164,-0.99688,-0.65507,0.25316,1.4446,1.7864,0.83912,0.53638,0.40942,0.33129
ESM1,-0.81652,-1.1576,-0.96877,-0.93832,-0.98704,-0.50594,0.5659,1.9483,1.2358,0.048251,0.9922,0.55981,0.023891
DSP,-0.50126,-1.3104,-1.2381,-1.0648,-0.53016,-0.42902,0.062241,1.2037,1.5505,0.81357,1.4204,0.43791,-0.41457
HNT,-0.85857,-0.61312,-0.96191,-1.272,-0.66479,-0.89732,0.36867,1.4796,1.7122,0.8854,0.75622,0.52369,-0.4581
OPCML,-0.75402,-1.0766,-1.2255,-0.92773,-0.60512,-0.65476,0.052495,1.7027,1.7152,0.80938,0.74734,0.23861,-0.021952
DNAJB9,-0.51237,-0.72114,-0.49249,-0.4229,-0.85038,-0.63167,-0.20418,1.0882,2.6689,0.77009,0.24319,-0.12465,-0.81062
ZDHHC18,1.4552,-1.0258,-0.67137,-0.62707,-1.4688,-0.22833,-0.40555,0.12609,1.8096,0.96786,0.52483,0.48052,-0.93719
NEK7,-0.58076,-0.88788,-0.4528,-0.35043,-1.2974,-0.40161,-0.88788,-0.60635,0.80125,1.7226,1.5434,1.2363,0.16143
R99596,-0.79333,-1.2997,-0.45574,-0.54014,-1.3335,-0.74269,-0.42198,0.86085,1.1647,1.1309,0.91149,1.5698,-0.050638
R39465,-1.4727,-1.4727,0.57701,-0.12077,-1.2983,-0.14258,0.097287,-0.2516,-0.12077,0.46798,0.59882,1.471,1.6673
OXTR,-0.27326,-0.87693,-0.041078,-1.5967,-0.80727,-0.62153,-0.85371,-0.13395,1.9557,1.2127,0.98051,0.58581,0.46972
MPC1,-0.94633,-0.54948,-0.91182,-0.41145,-0.39419,0.10618,0.054417,-0.32518,-0.11813,0.1752,1.3485,2.6771,-0.70477
EBNA1BP2,-0.64033,-0.6699,-1.3353,-0.99519,-0.6699,0.66081,-0.093263,-0.30026,-0.24112,1.0896,2.1985,1.1339,-0.13762
R78225,-0.57376,-0.72599,-1.2283,-1.0609,-0.81732,0.15691,0.41569,0.85713,1.8314,1.2986,0.75058,0.2178,-1.1218
H01821,-0.82424,-0.7998,-0.89268,-0.99533,-0.82913,0.19252,0.77423,2.3678,1.0969,0.52004,0.16319,-0.10077,-0.67271
HSPB7,-0.32524,-0.97699,-1.1942,-0.91015,-0.87672,0.1594,0.17612,1.9476,1.4963,-0.091272,0.52706,0.91143,-0.8433
GCH1,-0.8961,-0.79639,-0.63021,-0.8047,-1.1038,-0.056885,0.99005,1.5551,1.4803,0.76571,0.55798,0.25886,-1.3199
TIMP3,-0.96408,-0.94777,-0.9233,-0.94777,-0.86623,0.014427,1.0092,1.3273,1.0989,0.57707,0.91139,0.96847,-1.2576
DDX21,-0.94605,-1.3533,-0.93248,-0.75601,-0.59311,0.69649,1.5924,1.7417,0.84581,0.017752,-0.24017,-0.60669,0.53359
ANPEP,-1.1622,-1.5043,-0.92809,-0.83805,-0.96411,1.0528,1.0708,1.3049,1.2689,0.54854,-0.027704,0.026319,0.15237
W74639,-0.96447,-1.4058,-0.83468,-0.99043,-0.86064,0.6969,1.4237,0.98245,1.5795,0.80073,-0.15975,-0.13379,-0.13379
PPIF,-1.0241,-1.2175,-1.3582,-1.2527,-0.19751,0.66424,0.87528,1.526,1.526,0.34768,0.031115,-0.074405,0.15422
CTPS,-1.0855,-1.2186,-1.2452,-1.1653,-0.30003,0.80487,1.3107,1.5903,0.87143,0.512,0.49869,-0.35328,-0.22016
MICAL2,-0.782795,-1.0535,-1.017495,-0.95371,-0.94761,0.70278,1.03602,1.779,1.442,0.2055175,-0.16608,-0.41612,0.1719755
TM4SF1,-0.9416,-0.97724,-0.91309,-0.84182,-0.37856,0.49451,0.93283,1.9876,1.7453,-0.32154,-0.41776,-0.27165,-0.097038
NEU1,-1.2676,-1.1448,-1.2581,-1.277,-0.34161,0.56548,1.1041,1.5387,1.1324,0.55603,0.055239,-0.14319,0.48044
OGFRL1,-0.95244,-0.76986,-1.2026,-1.0336,-1.0606,0.20391,0.90718,1.7322,1.6916,0.24448,0.068663,-0.080107,0.25124
RCAN1,-0.76676,-0.91113,-0.98987,-0.91769,-0.72739,-0.28116,1.0378,2.0943,1.6153,-0.025239,0.17819,-0.15648,-0.14992
AA057801,-0.84678,-0.90461,-0.86847,-0.91906,-0.96966,-0.19627,1.1409,2.0227,1.5601,0.10731,0.0278,-0.21072,0.056712
MYO10,-0.88535,-0.83503,-0.89973,-0.89254,-0.70922,-0.10175,0.69982,2.1879,1.6488,0.36553,-0.15926,-0.48996,0.070784
SERPINB2,-0.80094,-0.82204,-0.81676,-0.75346,-0.73061,-0.18908,2.0878,1.9085,0.69355,0.31905,-0.19435,-0.27875,-0.42292
TGM2,-0.15546,-0.60458,-1.0986,-1.413,-1.1211,-0.38002,-0.2902,0.96733,0.72032,0.45085,1.6859,1.5287,-0.2902
SSR3,-1.0034,-0.47916,-1.0188,-1.3118,-0.60251,-0.81837,-0.13995,0.63098,1.2169,1.294,1.5098,1.0164,-0.29414
S1PR1,-0.80152,-0.86439,-0.85653,-1.0058,-1.0058,-0.66794,-0.30646,0.42434,0.92725,1.218,1.3752,1.6973,-0.13359
CXCL12,-1.1903,-1.042,-1.1625,-1.2784,-0.85655,0.024249,0.26067,0.64545,0.92359,1.517,1.211,0.8077,0.14014
MT1M,-0.88322,-1.1461,-1.0266,-1.1102,-0.93698,-0.33959,-0.19025,0.75363,0.072606,1.4108,1.3809,1.2196,0.79545
WDR1,-1.0093,-1.4223,-1.2708,-1.1607,-0.22451,0.28488,0.11967,1.0008,0.86311,1.3863,1.2211,0.68413,-0.47233
PLOD2,-0.98238,-1.0696,-1.0042,-0.94966,-0.56795,-0.088087,0.064597,0.17366,0.29362,1.406,1.5914,1.6569,-0.52433
ATP5G1,-1.1351,-0.94833,-1.2223,-0.92342,-0.1638,0.33431,0.060348,0.12261,1.3928,1.7913,0.77016,0.84487,-0.92342
S100A16,-0.67984,-0.84011,-1.5728,-1.1607,-0.8859,-0.54246,0.19021,1.1061,1.3579,1.0374,0.44207,0.35049,1.1976
PFKP,-0.72902,-1.247,-1.3046,-1.247,-0.65228,-0.13429,-0.26859,0.44125,0.94005,0.59473,0.76739,1.2086,1.6307
SLC20A1,-1.1045,-1.1886,-1.5926,-1.155,-0.75099,0.73027,0.54511,1.1343,0.71344,0.20846,0.7471,1.2016,0.51145
CYCS,-1.0464,-1.1446,-1.4194,-1.1053,-0.26123,-0.43791,-0.33975,0.91658,0.85769,1.0933,1.0933,1.3484,0.44546
PSMD2,-1.0101,-1.1769,-1.3437,-0.97976,-1.0101,-0.11547,0.12714,1.0066,1.1582,0.90045,1.0824,1.1885,0.17262
MT1L,-0.97926,-1.1661,-1.1661,-1.0649,-0.9014,-0.37973,0.079659,0.91278,0.57798,1.7381,1.1152,0.74149,0.49233
MT2A,-1.2273,-1.0701,-1.1075,-0.98771,-0.88289,-0.17911,0.59205,1.2359,0.99635,1.7151,0.68189,0.24016,-0.0069111
PTMA,-1.4214,-1.080015,-0.337115,-0.074132,0.04845,-0.242115,-0.0933,0.3266,0.741865,0.347675,0.416135,0.439936,0.927445
T85217,-1.1036,-1.1863,-0.54542,-1.1656,-0.7108,-0.15266,0.46751,0.8396,1.7905,1.6045,0.57087,-0.0079508,-0.40072
GPM6B,-0.75926,-1.1204,-0.47037,-0.51852,-1.3611,-0.47037,0.56482,0.80556,2.3463,0.70926,0.3963,0.42037,-0.54259
H85111,-0.91717,-1.5054,-0.37418,-0.5778,-1.5507,0.21406,0.55343,0.50818,1.8657,1.0738,0.55343,0.55343,-0.3968
FAM101B,-0.84878,-1.3974,-0.95039,-0.99103,-1.0723,-0.056273,0.55335,0.91912,0.95977,1.2239,1.2646,0.91912,-0.52365
MT1G,-0.68108,-1.1294,-0.63305,-1.2415,-1.2735,-0.4249,0.50373,0.72788,0.904,0.96804,1.2562,1.4804,-0.45693
N55459,-0.88512,-1.3197,-0.81598,-1.3098,-1.0827,-0.44066,0.77419,0.79395,0.95198,1.4063,1.0409,0.70506,0.18158
ESPL1,-0.98875,-1.1493,-0.83485,-0.94191,-1.3501,-0.29287,0.5636,0.83794,0.88478,0.71081,1.6275,1.1056,-0.17243
KIAA0368,-0.85743,-0.70154,-0.74051,-0.97435,-0.83795,-0.23385,-0.097435,1.8123,1.9487,0.89641,0.42872,0.019487,-0.66256
CDH2,-0.72295,-0.98335,-0.86499,-1.0189,-1.1017,0.07011,0.43705,1.2893,2.106,0.43705,0.7448,0.24766,-0.64009
SERPIND1,-1.2705,-1.3387,-0.99772,-0.83406,-1.0796,0.48889,0.37978,1.1845,0.43434,1.6073,0.69347,0.82986,-0.097569
H48459,-1.0032,-0.97768,-0.90106,-1.0032,-0.96065,-0.058281,0.87814,1.1931,1.2953,0.86112,1.0058,0.73342,-1.0628
MRPL35,-0.98904,-0.96238,-1.0804,-0.98142,-1.0271,-0.010254,0.32109,1.2199,1.2961,1.4217,0.89617,0.58387,-0.68817
TMEM106A,-1.043,-1.0639,-1.0115,-0.93182,-0.99683,-0.13487,0.37266,1.2053,1.0249,1.0668,1.1948,1.0585,-0.74097
R21876,-1.0368,-1.0391,-0.96281,-0.88649,-1.0946,0.064045,0.70005,1.0493,0.87813,1.5858,0.84113,0.76943,-0.86799
TFPI2,-0.93749,-0.91819,-0.90302,-0.9044,-0.84788,-0.080059,1.4018,1.8416,0.46858,1.0214,0.8201,-0.19447,-0.76793
PKM2,-0.4857,-1.1274,0.0019744,0.10464,-1.076,-0.89637,-0.3317,0.66932,1.5677,-0.4087,0.027642,-0.3317,2.2863
CCT5,-1.2836,-0.99183,-0.66356,-0.28058,-1.1377,0.37597,0.50363,1.2149,1.9261,0.54011,-0.0070144,-1.0101,0.81367
CLTC,-0.91943,-0.54991,1.3119,-0.18039,-0.94785,-0.66361,0.075435,1.2977,2.2641,-0.37936,-0.3083,-0.81994,-0.18039
RGS12,-0.84434,-0.70859,0.80407,0.22227,-0.70859,-0.029835,0.31924,1.6574,2.1422,-0.57284,-0.53405,-0.94131,-0.80556
ACLY,-0.38227,-0.79411,0.22176,0.057024,-0.49209,0.057024,0.66105,2.1437,1.7593,-0.65683,-0.65683,-1.1785,-0.73919
FLNB,-0.74364,-0.67588,-0.24672,-0.2919,-0.74364,0.79229,0.74712,1.2214,2.3734,-0.38225,-1.1728,-0.63071,-0.24672
TPM1,-0.71159,-0.75298,0.012735,0.90262,-0.31838,0.012735,0.03343,0.77845,2.5375,-0.0079596,-0.38047,-0.50464,-1.6015
AA046572,-1.15335,-0.96452,-0.07846,-0.351955,-0.163476,0.199264,0.2800425,1.582,2.1533,0.20918,-0.036735,-0.561765,-1.11355
MAP2K3,-0.72891,-0.79461,-0.44973,-0.94241,1.9316,1.3732,1.2418,-0.33477,0.96262,-0.36762,-0.69607,-0.92599,-0.26908
NET1,-1.3051,-1.3446,-0.82151,-0.83138,1.2512,1.7941,0.69851,1.2315,-0.2589,-0.12072,-0.041759,-0.45631,0.205
UAP1,-1.24,-1.1105,-1.3695,-0.38222,0.23282,2.4016,0.96114,0.006225,-0.0747,0.63744,0.006225,0.11952,-0.188
PLAUR,-1.0019,-1.5417,-0.64799,-0.34714,-0.055133,0.90051,1.4757,1.9535,0.74124,-0.037436,-0.37368,-0.61259,-0.45332
NDRG2,-1.1122,-1.2247,-1.0841,-0.21294,0.79878,1.7262,0.81283,1.7683,-0.058368,-0.14268,-0.38155,-0.25509,-0.63448
R36703,-0.89355,-0.9512,-0.9512,-0.25942,0.73982,2.354,1.0857,0.78786,0.20177,-0.43236,-0.19216,-0.56688,-0.92237
F3,-1.01026,-0.95378,-0.98539,0.001585,0.77991,1.8079,1.7138,0.51246,-0.09777,-0.30695,-0.21473,-0.44052,-0.806265
PTGS2,-0.98604,-0.96406,-0.43291,0.3449,-0.63682,2.3376,1.3425,0.91147,0.061616,-0.7052,-0.39017,-0.091015,-0.7919
ID3,-1.3516,-1.4613,-1.1596,-0.15858,0.81962,-0.33228,-0.61568,1.7064,1.4504,0.5225,0.074543,0.45851,0.047117
KLF10,-0.72325,-0.813695,-0.59004,1.6603,2.449,-0.698565,-0.1064625,0.409665,-0.031665,-0.348635,-0.47018,-0.49298,-0.243455
ACKR3,-0.49936,-0.42755,-0.71479,-0.21212,1.0087,1.4108,0.85068,1.8847,0.44854,-0.91586,-1.002,-0.97331,-0.85841
CTGF,-0.27771,-0.25696,-0.73417,0.075013,1.5274,0.96719,0.38624,1.4859,0.8427,-0.3607,-0.98315,-0.94165,-1.7301
ARV1,-0.32039,-0.25696,1.5613,0.65216,-0.15125,-0.25696,-0.2781,1.6881,1.371,-1.0604,-0.8278,-1.1449,-0.9758
N58770,-0.81983,-0.27384,0.66527,2.0521,1.6917,-0.44855,0.57791,0.075599,0.01008,-0.79799,-0.83075,-0.77615,-1.1256
CDKN1A,0.80836,-0.58699,0.98278,1.5496,0.11069,1.4624,0.2415,-0.23815,-0.97943,-0.89222,-0.80501,0.067084,-1.7207
ZNF584,-0.43448,-0.63266,-0.05793,2.7166,-0.31557,0.041161,1.0717,0.57625,-0.7912,-0.69211,-0.59302,-0.98939,0.10062
NR4A3,-0.57664,-0.61382,-0.54875,2.0259,1.6727,1.4636,-0.070069,-0.35821,-0.50228,-0.61846,-0.65564,-0.66029,-0.55805
BHLHE40,-0.27412,-0.62921,-0.73066,2.8456,0.82919,0.39801,0.44874,0.10633,-0.51507,-0.76871,-0.62921,-0.57848,-0.50239
MPC2,-0.71556,-0.833,-0.62903,1.4292,2.1586,1.3118,0.26721,0.063235,-0.7032,-0.64757,-0.61048,-0.64139,-0.44978
JUNB,-0.69794,-0.12437,0.042731,1.7363,2.468,0.35887,-0.3005,-0.31405,-0.62568,-0.65277,-0.70697,-0.75665,-0.42696
AA044235,-0.9186,-0.70119,0.85171,1.5816,1.4729,0.21502,0.94488,0.743,-0.63908,-1.0118,-1.0118,-1.0428,-0.48379
MCL1,-0.94937,-0.84092,0.75693,1.451,0.64848,1.6679,1.1401,0.077306,-0.66016,-0.89876,-0.9566,-0.80476,-0.63124
NAMPT,-0.97197,-0.90542,-0.23038,0.68236,0.72039,1.0151,1.7282,1.443,-0.21136,-0.89591,-0.93394,-1.1336,-0.30644
EDN1,-0.97173,-0.68914,-0.16979,1.2279,0.88419,0.89947,1.3501,1.3501,-0.055225,-0.62804,-1.0939,-1.0328,-1.071
IL6,-0.83398,-0.69357,-0.39763,0.047357,1.4298,1.6675,1.2052,1.2246,-0.31122,-0.80157,-0.86422,-0.86422,-0.80805
SGK1,-0.9011,-0.051513,0.17837,2.0774,1.4877,-0.61124,0.36828,0.82806,0.25833,-0.70119,-0.93108,-1.001,-1.001
KLF6,-1.2286,-0.68802,1.8183,2.1623,0.16381,0.32763,0.21296,-0.3764719,-0.50782,-0.9665,-0.65525,-0.4423,-0.19658
DUSP1,-1.198,-0.64129,0.491856,2.27036,1.134806,0.0595216,0.46055,0.667484,-0.348498,-0.561244,-0.60026,-0.62633,-1.108962