AT4G16610,AT4G29010,AT2G34420,AT2G43080,AT3G12120,AT3G04720,AB000623,AT1G55020,T04323,AT1G76100,AT3G15730,AT3G12500,AT5G38430,AT1G33960,AT1G32060,AT5G65110,AT1G28670,AT4G39260,AT2G24180,AT2G26740,AT5G35630,AT3G15350,AT2G35790,AT3G06860,Y11607,AT2G34660,AT2G33150,AT2G23430,AT2G39780,AT4G25100,AB003040,AT1G78380,AT1G37130,Z56278,AT1G07890,X66017,AT4G39330,AT5G13930,AT3G20230,AT4G39980,AT1G31580,AT4G37980,AT2G34770,AJ000470,L15389,AF062901,AT4G00860,AT3G57260,AT4G20360,AT3G16480,AT3G16520,AT2G42010,AT2G02990,AT1G76490,X99793,AT4G38530,AT1G67980,AT5G39190,AT3G02520,AT3G59700,AT4G09320,AT3G44300,AT5G24090,AT3G25230,AT1G08830,AT1G51680,AT1G05010,AT4G16760,AT5G42650,AT5G05730,AT1G25220,AT3G29200,AT4G31500,AT3G13920,AT3G11170,Z26426,AT2G29450,AF087932,AT5G02500,AT1G51760,AT3G45140,AT1G76680,AT2G37040,AT3G53260,AT1G56190,Y14590,AT3G30775,AT5G42180,AT4G13940,AT3G54640,AT5G54810,AT3G50970,AT3G18780,AT1G16060,AT5G54160,X16432,AT1G64280,AT5G66570,AT4G01850,AT1G01470,AT2G20340,AT3G47290,AT2G14610,AT1G75040,AT5G20620,AT2G26330,AT2G25080,AT4G14980,AT1G67750,AT1G67550,AT5G26000,AT5G25980,AT2G05510,AT1G04820,AT1G01480,AT3G28930,AT4G20890,AT2G45820,AT3G15210,AT5G47770,AT2G28740,AT2G14850,AT4G08500,AT3G45640,AT5G52350,AT3G20600,AT5G06940,AT1G53840,AT2G41110,AT5G37770,AT2G41100,AT5G57560,AT1G72260
AT4G16610,0,0.829,0.842,0.728,1,0.969,1,0.829,1,0.688,0.825,0.911,0.884,0.751,0.667,0.836,1,0.683,1,0.971,0.808,0.811,0.631,0.836,1,0.888,0.829,0.401,0.704,0.898,1,0.803,0.736,1,0.743,1,0.712,0.72,0.31,0.679,0.751,0.712,0.854,1,1,1,0.809,0.738,0.823,0.809,1,0.975,0.861,0.659,1,0.837,0.712,0.942,0.714,0.743,0.972,0.673,0.798,0.743,0.742,0.659,0.738,0.797,0.673,0.673,0.699,0.679,0.673,0.598,0.797,1,0.887,1,0.761,0.828,0.673,0.848,0.659,0.659,0.729,1,0.822,0.751,0.32,0.673,0.673,0.969,0.748,0,0.659,1,0,0,0.695,0.967,0.799,0.837,0.738,0,0.773,0.729,0.888,1,1,0.859,0.825,0.825,0.942,0.816,0.775,0.738,0.816,0.942,0,0.76,0.971,0.942,0.751,0,0.955,0.853,1,1,0.84,0.68,0.874,0.944,0.892
AT4G29010,0.829,0,0.827,0.764,1,0.904,1,0.562,1,0.763,0.619,0.897,0.801,0.795,0.782,0.549,1,0.885,1,0.928,0.774,0.594,0.803,0.62,1,0.784,0.586,0.557,0.66,0.851,1,0.728,0.633,1,0.743,1,0.797,0.811,0.86,0.638,0.77,0.802,0.704,1,1,1,0.855,0.831,0.408,0.833,1,0.934,0.695,0.769,1,0.837,0.597,0.749,0.768,0.857,0.924,0.777,0.674,0.719,0.864,0.788,0.821,0.55,0.663,0.758,0.671,0.711,0.57,0.798,0.659,1,0.685,1,0.749,0.867,0.686,0.594,0.642,0.755,0.747,1,0.738,0.844,0.707,0.814,0.746,0.917,0.769,0.64,0.728,1,0.849,0.775,0.865,0.756,0.7,0.848,0.846,0.789,0.845,0.638,0.609,1,1,0.846,0.798,0.787,0.749,0.781,0.657,0.837,0.812,0.749,0.867,0.772,0.914,0.749,0.716,0.74,0.852,0.882,1,1,0.665,0.774,0.884,0.902,0.894
AT2G34420,0.842,0.827,0,0.787,1,0.901,1,0.811,1,0.557,0.832,0.905,0.816,0.87,0.731,0.789,1,0.842,1,0.899,0.857,0.82,0.701,0.752,1,0.742,0.772,0.85,0.784,0.83,1,0.814,0.751,1,0.773,1,0.793,0.851,0.791,0.814,0.62,0.803,0.77,1,1,1,0.716,0.845,0.732,0.687,1,0.907,0.875,0.794,1,0.819,0.737,0.671,0.772,0.843,0.89,0.866,0.778,0.78,0.844,0.765,0.832,0.832,0.761,0.797,0.793,0.825,0.744,0.796,0.811,1,0.724,1,0.819,0.789,0.76,0.796,0.77,0.739,0.789,1,0.84,0.728,0.789,0.85,0.857,0.895,0.83,0.882,0.737,1,0.854,0.772,0.864,0.891,0.741,0.824,0.849,0.848,0.69,0.858,0.631,1,1,0.57,0.835,0.828,0.671,0.729,0.637,0.773,0.789,0.671,0.867,0.758,0.902,0.671,0.85,0.818,0.839,0.877,1,1,0.833,0.858,0.87,0.858,0.867
AT2G43080,0.728,0.764,0.787,0,1,0.952,1,0.837,1,0.725,0.819,0.932,0.844,0.856,0.823,0.749,1,0.888,1,0.957,0.862,0.56,0.703,0.761,1,0.79,0.769,0.799,0.803,0.884,1,0.799,0.76,1,0.809,1,0.753,0.861,0.588,0.772,0.835,0.771,0.708,1,1,1,0.864,0.855,0.607,0.776,1,0.963,0.86,0.784,1,0.867,0.657,0.905,0.531,0.747,0.957,0.789,0.8,0.768,0.876,0.784,0.839,0.811,0.735,0.832,0.815,0.647,0.685,0.717,0.709,1,0.738,1,0.821,0.763,0.751,0.777,0.789,0.766,0.697,1,0.751,0.662,0.824,0.838,0.757,0.956,0.837,0.854,0.723,1,0.866,0.821,0.849,0.947,0.596,0.83,0.867,0.848,0.515,0.88,0.706,1,1,0.809,0.84,0.822,0.905,0.784,0.707,0.857,0.768,0.905,0.85,0.78,0.955,0.905,0.842,0.863,0.83,0.905,1,1,0.771,0.933,0.907,0.942,0.902
AT3G12120,1,1,1,1,0,1,1,1,1,1,1,1,1,1,1,1,1,1,1,1,1,1,1,1,1,1,1,1,1,1,1,1,1,1,1,1,1,1,1,1,1,1,1,1,1,1,1,1,1,1,1,1,1,1,1,1,1,1,1,1,1,1,1,1,1,1,1,1,1,1,1,1,1,1,1,1,1,1,1,1,1,1,1,1,1,1,1,1,1,1,1,1,1,1,1,1,1,1,1,1,1,1,1,1,1,1,1,1,1,1,1,1,1,1,1,1,1,1,1,1,1,1,1,1,1,1,1,1,1,1,1,1,1
AT3G04720,0.969,0.904,0.901,0.952,1,0,1,0.557,1,0.869,0.633,0.307,0.782,0.449,0.624,0.753,1,0.493,1,0.609,0.601,0.896,0.798,0.803,1,0.736,0.768,0.832,0.898,0.642,1,0.684,0.658,1,0.653,1,0.727,0.618,0.964,0.486,0.444,0.557,0.881,1,1,1,0.485,0.519,0.912,0.786,1,0.493,0.65,0.693,1,0.856,0.928,0.718,0.83,0.668,0.6,0.523,0.642,0.616,0.529,0.622,0.538,0.543,0.69,0.524,0.418,0.954,0.752,0.674,0.733,1,0.651,1,0.432,0.717,0.619,0.675,0.714,0.714,0.781,1,0.491,0.952,0.684,0.553,0.648,0.402,0.692,0.663,0.8,1,0.535,0.627,0.578,0.456,0.738,0.866,0.488,0.541,0.946,0.664,0.904,1,1,0.837,0.477,0.528,0.718,0.793,0.936,0.44,0.807,0.718,0.633,0.734,0.4,0.718,0.554,0.585,0.654,0.374,1,1,0.872,0.537,0.639,0.547,0.652
AB000623,1,1,1,1,1,1,0,1,1,1,1,1,1,1,1,1,1,1,1,1,1,1,1,1,1,1,1,1,1,1,1,1,1,1,1,1,1,1,1,1,1,1,1,1,1,1,1,1,1,1,1,1,1,1,1,1,1,1,1,1,1,1,1,1,1,1,1,1,1,1,1,1,1,1,1,1,1,1,1,1,1,1,1,1,1,1,1,1,1,1,1,1,1,1,1,1,1,1,1,1,1,1,1,1,1,1,1,1,1,1,1,1,1,1,1,1,1,1,1,1,1,1,1,1,1,1,1,1,1,1,1,1,1
AT1G55020,0.829,0.562,0.811,0.837,1,0.557,1,0,1,0.762,0.516,0.679,0.747,0.566,0.553,0.549,1,0.536,1,0.701,0.602,0.594,0.71,0.639,1,0.715,0.487,0.466,0.786,0.636,1,0.624,0.628,1,0.596,1,0.667,0.529,0.896,0.373,0.49,0.692,0.787,1,1,1,0.647,0.528,0.66,0.712,1,0.693,0.613,0.59,1,0.78,0.597,0.357,0.822,0.77,0.764,0.691,0.569,0.542,0.63,0.599,0.583,0.382,0.462,0.443,0.474,0.82,0.514,0.717,0.638,1,0.466,1,0.576,0.643,0.463,0.433,0.496,0.533,0.711,1,0.55,0.862,0.626,0.551,0.638,0.554,0.594,0.488,0.609,1,0.525,0.564,0.648,0.461,0.582,0.818,0.471,0.547,0.861,0.586,0.577,1,1,0.66,0.543,0.546,0.357,0.706,0.657,0.524,0.741,0.357,0.595,0.689,0.533,0.357,0.431,0.522,0.745,0.482,1,1,0.815,0.496,0.612,0.526,0.592
T04323,1,1,1,1,1,1,1,1,0,1,1,1,1,1,1,1,1,1,1,1,1,1,1,1,1,1,1,1,1,1,1,1,1,1,1,1,1,1,1,1,1,1,1,1,1,1,1,1,1,1,1,1,1,1,1,1,1,1,1,1,1,1,1,1,1,1,1,1,1,1,1,1,1,1,1,1,1,1,1,1,1,1,1,1,1,1,1,1,1,1,1,1,1,1,1,1,1,1,1,1,1,1,1,1,1,1,1,1,1,1,1,1,1,1,1,1,1,1,1,1,1,1,1,1,1,1,1,1,1,1,1,1,1
AT1G76100,0.688,0.763,0.557,0.725,1,0.869,1,0.762,1,0,0.753,0.833,0.812,0.79,0.62,0.769,1,0.872,1,0.936,0.751,0.657,0.776,0.75,1,0.718,0.735,0.76,0.808,0.834,1,0.785,0.761,1,0.744,1,0.8,0.797,0.799,0.727,0.647,0.798,0.694,1,1,1,0.808,0.793,0.7,0.77,1,0.942,0.751,0.658,1,0.786,0.677,0.742,0.647,0.729,0.932,0.813,0.79,0.785,0.837,0.732,0.647,0.765,0.679,0.728,0.767,0.73,0.634,0.787,0.753,1,0.752,1,0.789,0.832,0.601,0.779,0.754,0.729,0.393,1,0.757,0.799,0.732,0.777,0.763,0.924,0.739,0.816,0.705,1,0.776,0.555,0.844,0.911,0.696,0.796,0.805,0.76,0.718,0.785,0.593,1,1,0.658,0.795,0.784,0.742,0.721,0.704,0.726,0.796,0.742,0.812,0.505,0.918,0.742,0.779,0.734,0.693,0.855,1,1,0.827,0.869,0.846,0.893,0.874
AT3G15730,0.825,0.619,0.832,0.819,1,0.633,1,0.516,1,0.753,0,0.647,0.715,0.683,0.579,0.529,1,0.522,1,0.749,0.338,0.308,0.765,0.63,1,0.718,0.531,0.592,0.791,0.608,1,0.453,0.603,1,0.358,1,0.737,0.586,0.902,0.626,0.668,0.791,0.69,1,1,1,0.756,0.619,0.675,0.759,1,0.765,0.66,0.506,1,0.753,0.657,0.617,0.768,0.705,0.617,0.702,0.577,0.487,0.472,0.674,0.65,0.473,0.537,0.539,0.581,0.813,0.6,0.436,0.634,1,0.6,1,0.391,0.758,0.475,0.493,0.598,0.647,0.56,1,0.68,0.866,0.278,0.649,0.641,0.59,0.374,0.506,0.684,1,0.603,0.614,0.541,0.563,0.665,0.751,0.62,0.618,0.869,0.594,0.605,1,1,0.786,0.582,0.577,0.617,0.519,0.742,0.612,0.576,0.617,0.628,0.546,0.557,0.617,0.464,0.551,0.586,0.718,1,1,0.82,0.504,0.592,0.582,0.698
AT3G12500,0.911,0.897,0.905,0.932,1,0.307,1,0.679,1,0.833,0.647,0,0.837,0.601,0.698,0.821,1,0.651,1,0.646,0.685,0.896,0.821,0.836,1,0.723,0.796,0.833,0.886,0.543,1,0.713,0.76,1,0.725,1,0.783,0.712,0.964,0.634,0.613,0.69,0.813,1,1,1,0.584,0.588,0.902,0.827,1,0.409,0.656,0.783,1,0.777,0.902,0.717,0.764,0.635,0.547,0.489,0.775,0.686,0.591,0.722,0.563,0.535,0.728,0.628,0.723,0.944,0.823,0.665,0.811,1,0.716,1,0.554,0.772,0.727,0.59,0.762,0.777,0.655,1,0.6,0.947,0.719,0.622,0.799,0.489,0.743,0.745,0.844,1,0.59,0.679,0.577,0.556,0.791,0.708,0.545,0.586,0.95,0.701,0.874,1,1,0.842,0.589,0.611,0.717,0.7,0.945,0.558,0.669,0.717,0.63,0.811,0.4,0.717,0.583,0.645,0.654,0.512,1,1,0.891,0.614,0.676,0.691,0.609
AT5G38430,0.884,0.801,0.816,0.844,1,0.782,1,0.747,1,0.812,0.715,0.837,0,0.819,0.669,0.778,1,0.743,1,0.766,0.556,0.504,0.738,0.789,1,0.774,0.764,0.825,0.834,0.61,1,0.75,0.513,1,0.695,1,0.765,0.592,0.905,0.742,0.73,0.786,0.822,1,1,1,0.812,0.782,0.787,0.779,1,0.839,0.738,0.727,1,0.845,0.675,0.717,0.826,0.876,0.719,0.814,0.612,0.671,0.736,0.616,0.822,0.778,0.679,0.794,0.759,0.828,0.618,0.708,0.667,1,0.689,1,0.729,0.694,0.653,0.656,0.628,0.642,0.767,1,0.75,0.861,0.732,0.812,0.725,0.718,0.668,0.772,0.688,1,0.804,0.812,0.722,0.654,0.693,0.847,0.813,0.763,0.851,0.834,0.663,1,1,0.621,0.801,0.815,0.717,0.73,0.752,0.795,0.779,0.717,0.813,0.717,0.711,0.717,0.783,0.778,0.849,0.814,1,1,0.818,0.689,0.666,0.722,0.781
AT1G33960,0.751,0.795,0.87,0.856,1,0.449,1,0.566,1,0.79,0.683,0.601,0.819,0,0.565,0.756,1,0.622,1,0.792,0.726,0.681,0.788,0.774,1,0.77,0.658,0.827,0.862,0.722,1,0.708,0.693,1,0.732,1,0.754,0.676,0.876,0.438,0.379,0.468,0.731,1,1,1,0.584,0.39,0.838,0.796,1,0.613,0.701,0.675,1,0.718,0.499,0.717,0.789,0.609,0.785,0.547,0.7,0.742,0.664,0.609,0.434,0.491,0.516,0.471,0.591,0.808,0.602,0.755,0.663,1,0.663,1,0.61,0.744,0.592,0.672,0.632,0.607,0.748,1,0.556,0.894,0.732,0.423,0.628,0.642,0.763,0.732,0.665,1,0.378,0.523,0.72,0.652,0.681,0.677,0.405,0.449,0.91,0.683,0.767,1,1,0.842,0.561,0.612,0.717,0.807,0.718,0.376,0.825,0.717,0.653,0.718,0.684,0.717,0.451,0.471,0.625,0.402,1,1,0.882,0.646,0.666,0.703,0.535
AT1G32060,0.667,0.782,0.731,0.823,1,0.624,1,0.553,1,0.62,0.579,0.698,0.669,0.565,0,0.655,1,0.621,1,0.796,0.471,0.613,0.749,0.677,1,0.758,0.605,0.682,0.802,0.691,1,0.643,0.641,1,0.524,1,0.737,0.608,0.852,0.609,0.489,0.692,0.778,1,1,1,0.688,0.27,0.744,0.695,1,0.784,0.748,0.651,1,0.754,0.499,0.523,0.785,0.703,0.822,0.732,0.586,0.563,0.638,0.53,0.318,0.478,0.311,0.249,0.61,0.842,0.5,0.716,0.713,1,0.683,1,0.548,0.759,0.483,0.682,0.603,0.634,0.716,1,0.657,0.858,0.581,0.296,0.727,0.653,0.551,0.674,0.68,1,0.285,0.187,0.699,0.615,0.712,0.769,0.29,0.292,0.797,0.607,0.593,1,1,0.41,0.664,0.678,0.523,0.697,0.637,0.203,0.747,0.523,0.633,0.67,0.538,0.523,0.361,0.238,0.644,0.606,1,1,0.845,0.558,0.562,0.633,0.708
AT5G65110,0.836,0.549,0.789,0.749,1,0.753,1,0.549,1,0.769,0.529,0.821,0.778,0.756,0.655,0,1,0.643,1,0.731,0.648,0.667,0.777,0.208,1,0.652,0.286,0.669,0.782,0.722,1,0.388,0.517,1,0.51,1,0.609,0.671,0.842,0.619,0.695,0.792,0.648,1,1,1,0.752,0.724,0.568,0.406,1,0.857,0.778,0.672,1,0.833,0.682,0.744,0.766,0.796,0.833,0.761,0.707,0.603,0.721,0.72,0.736,0.517,0.58,0.641,0.654,0.778,0.607,0.715,0.619,1,0.534,1,0.689,0.71,0.597,0.527,0.629,0.669,0.713,1,0.646,0.831,0.485,0.681,0.72,0.738,0.577,0.671,0.694,1,0.726,0.701,0.654,0.706,0.591,0.839,0.685,0.728,0.626,0.749,0.565,1,1,0.808,0.662,0.65,0.744,0.632,0.757,0.687,0.627,0.744,0.689,0.718,0.6,0.744,0.647,0.715,0.806,0.773,1,1,0.745,0.663,0.762,0.644,0.784
AT1G28670,1,1,1,1,1,1,1,1,1,1,1,1,1,1,1,1,0,1,1,1,1,1,1,1,1,1,1,1,1,1,1,1,1,1,1,1,1,1,1,1,1,1,1,1,1,1,1,1,1,1,1,1,1,1,1,1,1,1,1,1,1,1,1,1,1,1,1,1,1,1,1,1,1,1,1,1,1,1,1,1,1,1,1,1,1,1,1,1,1,1,1,1,1,1,1,1,1,1,1,1,1,1,1,1,1,1,1,1,1,1,1,1,1,1,1,1,1,1,1,1,1,1,1,1,1,1,1,1,1,1,1,1,1
AT4G39260,0.683,0.885,0.842,0.888,1,0.493,1,0.536,1,0.872,0.522,0.651,0.743,0.622,0.621,0.643,1,0,1,0.559,0.514,0.833,0.65,0.733,1,0.737,0.692,0.728,0.82,0.457,1,0.609,0.75,1,0.557,1,0.586,0.59,0.847,0.61,0.531,0.729,0.905,1,1,1,0.688,0.592,0.863,0.7,1,0.627,0.729,0.665,1,0.842,0.792,0.523,0.897,0.831,0.494,0.694,0.54,0.471,0.55,0.693,0.711,0.631,0.691,0.584,0.54,0.908,0.748,0.54,0.591,1,0.57,1,0.527,0.646,0.637,0.576,0.642,0.628,0.741,1,0.633,0.893,0.629,0.631,0.572,0.393,0.663,0.54,0.71,1,0.593,0.675,0.393,0.459,0.657,0.856,0.582,0.659,0.861,0.836,0.84,1,1,0.738,0.624,0.613,0.523,0.7,0.82,0.576,0.707,0.523,0.549,0.706,0.538,0.523,0.542,0.645,0.909,0.574,1,1,0.872,0.381,0.613,0.432,0.595
AT2G24180,1,1,1,1,1,1,1,1,1,1,1,1,1,1,1,1,1,1,0,1,1,1,1,1,1,1,1,1,1,1,1,1,1,1,1,1,1,1,1,1,1,1,1,1,1,1,1,1,1,1,1,1,1,1,1,1,1,1,1,1,1,1,1,1,1,1,1,1,1,1,1,1,1,1,1,1,1,1,1,1,1,1,1,1,1,1,1,1,1,1,1,1,1,1,1,1,1,1,1,1,1,1,1,1,1,1,1,1,1,1,1,1,1,1,1,1,1,1,1,1,1,1,1,1,1,1,1,1,1,1,1,1,1
AT2G26740,0.971,0.928,0.899,0.957,1,0.609,1,0.701,1,0.936,0.749,0.646,0.766,0.792,0.796,0.731,1,0.559,1,0,0.704,0.934,0.81,0.817,1,0.727,0.809,0.841,0.919,0.611,1,0.734,0.84,1,0.733,1,0.531,0.63,0.962,0.7,0.727,0.831,0.943,1,1,1,0.6,0.768,0.928,0.773,1,0.67,0.806,0.832,1,0.879,0.955,0.744,0.945,0.868,0.597,0.731,0.685,0.647,0.687,0.833,0.795,0.765,0.839,0.693,0.653,0.958,0.904,0.752,0.701,1,0.614,1,0.75,0.708,0.78,0.698,0.738,0.785,0.845,1,0.574,0.954,0.81,0.766,0.731,0.383,0.793,0.64,0.865,1,0.775,0.844,0.532,0.461,0.765,0.853,0.664,0.809,0.947,0.898,0.94,1,1,0.849,0.695,0.676,0.744,0.803,0.942,0.719,0.78,0.744,0.642,0.876,0,0.744,0.746,0.789,0.942,0.755,1,1,0.917,0.551,0.709,0.472,0.641
AT5G35630,0.808,0.774,0.857,0.862,1,0.601,1,0.602,1,0.751,0.338,0.685,0.556,0.726,0.471,0.648,1,0.514,1,0.704,0,0.657,0.737,0.68,1,0.707,0.641,0.711,0.789,0.552,1,0.537,0.614,1,0.362,1,0.702,0.488,0.901,0.615,0.63,0.802,0.815,1,1,1,0.743,0.636,0.801,0.742,1,0.763,0.635,0.55,1,0.831,0.677,0.617,0.822,0.814,0.62,0.703,0.533,0.464,0.501,0.621,0.69,0.585,0.544,0.571,0.572,0.848,0.546,0.523,0.624,1,0.634,1,0.499,0.736,0.455,0.565,0.592,0.631,0.562,1,0.637,0.906,0.388,0.644,0.608,0.594,0.387,0.599,0.694,1,0.651,0.601,0.496,0.533,0.647,0.849,0.65,0.633,0.901,0.72,0.705,1,1,0.725,0.719,0.727,0.617,0.633,0.725,0.61,0.692,0.617,0.705,0.575,0.538,0.617,0.538,0.606,0.586,0.738,1,1,0.877,0.491,0.571,0.548,0.742
AT3G15350,0.811,0.594,0.82,0.56,1,0.896,1,0.594,1,0.657,0.308,0.896,0.504,0.681,0.613,0.667,1,0.833,1,0.934,0.657,0,0.8,0.756,1,0.763,0.594,0.559,0.82,0.79,1,0.308,0.667,1,0.308,1,0.581,0.461,0.729,0.594,0.681,0.581,0.667,1,1,1,0.775,0.461,0.667,0.666,1,0.936,0.461,0.461,1,0.853,0.581,0.842,0.565,0.739,0.931,0.744,0.787,0.735,0.308,0.609,0.677,0.563,0.549,0.637,0.729,0.601,0.549,0.308,0.563,1,0.708,1,0.308,0.666,0.46,0.434,0.556,0.556,0.46,1,0.643,0.526,0.308,0.681,0.729,0.925,0,0.731,0.536,1,0.681,0.633,0.736,0.889,0.621,0.881,0.681,0.461,0.759,0.549,0.763,1,1,0.772,0.79,0.79,0.842,0.308,0.677,0.681,0.308,0.842,0.713,0.565,0.937,0.842,0.594,0.681,0.897,0.886,1,1,0.711,0.9,0.902,0.915,0.915
AT2G35790,0.631,0.803,0.701,0.703,1,0.798,1,0.71,1,0.776,0.765,0.821,0.738,0.788,0.749,0.777,1,0.65,1,0.81,0.737,0.8,0,0.763,1,0.779,0.766,0.766,0.637,0.705,1,0.767,0.744,1,0.727,1,0.744,0.739,0.629,0.735,0.738,0.772,0.807,1,1,1,0.768,0.806,0.708,0.736,1,0.813,0.779,0.743,1,0.74,0.743,0,0.787,0.81,0.774,0.738,0.719,0.687,0.794,0.73,0.803,0.793,0.751,0.789,0.764,0.795,0.743,0.719,0.757,1,0.734,1,0.741,0.649,0.737,0.72,0.7,0.668,0.767,1,0.732,0.736,0.756,0.795,0.702,0.791,0.766,0.761,0.719,1,0.787,0.771,0.739,0.775,0.661,0.85,0.794,0.786,0.659,0.823,0.802,1,1,0.523,0.803,0.818,0,0.724,0.771,0.791,0.727,0,0.782,0.755,0.807,0,0.79,0.786,0.855,0.807,1,1,0.749,0.751,0.775,0.74,0.768
AT3G06860,0.836,0.62,0.752,0.761,1,0.803,1,0.639,1,0.75,0.63,0.836,0.789,0.774,0.677,0.208,1,0.733,1,0.817,0.68,0.756,0.763,0,1,0.549,0.162,0.789,0.778,0.72,1,0.331,0.634,1,0.505,1,0.73,0.727,0.832,0.697,0.697,0.783,0.692,1,1,1,0.745,0.744,0.658,0.362,1,0.871,0.804,0.607,1,0.824,0.632,0.711,0.646,0.792,0.845,0.787,0.726,0.674,0.722,0.712,0.761,0.608,0.642,0.698,0.755,0.786,0.658,0.724,0.664,1,0.52,1,0.698,0.716,0.627,0.619,0.629,0.659,0.73,1,0.646,0.822,0.516,0.733,0.737,0.774,0.656,0.767,0.691,1,0.741,0.718,0.755,0.76,0.627,0.833,0.722,0.764,0.59,0.792,0,1,1,0.795,0.69,0.679,0.711,0.566,0.783,0.727,0.529,0.711,0.766,0.672,0.6,0.711,0.708,0.754,0.783,0.775,1,1,0.747,0.727,0.778,0.683,0.806
Y11607,1,1,1,1,1,1,1,1,1,1,1,1,1,1,1,1,1,1,1,1,1,1,1,1,0,1,1,1,1,1,1,1,1,1,1,1,1,1,1,1,1,1,1,1,1,1,1,1,1,1,1,1,1,1,1,1,1,1,1,1,1,1,1,1,1,1,1,1,1,1,1,1,1,1,1,1,1,1,1,1,1,1,1,1,1,1,1,1,1,1,1,1,1,1,1,1,1,1,1,1,1,1,1,1,1,1,1,1,1,1,1,1,1,1,1,1,1,1,1,1,1,1,1,1,1,1,1,1,1,1,1,1,1
AT2G34660,0.888,0.784,0.742,0.79,1,0.736,1,0.715,1,0.718,0.718,0.723,0.774,0.77,0.758,0.652,1,0.737,1,0.727,0.707,0.763,0.779,0.549,1,0,0.607,0.782,0.788,0.717,1,0.571,0.691,1,0.687,1,0.623,0.69,0.888,0.722,0.77,0.748,0.701,1,1,1,0.744,0.773,0.771,0.73,1,0.818,0.713,0.737,1,0.782,0.632,0.717,0.494,0.752,0.796,0.773,0.787,0.753,0.759,0.703,0.748,0.713,0.713,0.736,0.752,0.809,0.726,0.772,0.761,1,0.469,1,0.765,0.816,0.701,0.641,0.689,0.685,0.683,1,0.738,0.838,0.704,0.759,0.792,0.777,0.743,0.813,0.705,1,0.773,0.773,0.72,0.783,0.693,0.778,0.742,0.785,0.799,0.807,0,1,1,0.795,0.678,0.659,0.717,0.718,0.783,0.735,0.757,0.717,0.735,0.716,0.723,0.717,0.752,0.787,0.543,0.799,1,1,0.849,0.731,0.728,0.601,0.785
AT2G33150,0.829,0.586,0.772,0.769,1,0.768,1,0.487,1,0.735,0.531,0.796,0.764,0.658,0.605,0.286,1,0.692,1,0.809,0.641,0.594,0.766,0.162,1,0.607,0,0.768,0.807,0.683,1,0.339,0.653,1,0.496,1,0.718,0.623,0.844,0.506,0.617,0.755,0.685,1,1,1,0.725,0.647,0.662,0.433,1,0.864,0.701,0.556,1,0.782,0.597,0.617,0.692,0.771,0.819,0.74,0.623,0.609,0.683,0.627,0.67,0.479,0.519,0.585,0.705,0.762,0.577,0.705,0.601,1,0.471,1,0.663,0.639,0.532,0.527,0.568,0.566,0.708,1,0.608,0.827,0.514,0.646,0.649,0.727,0.647,0.711,0.606,1,0.613,0.648,0.719,0.669,0.54,0.776,0.628,0.685,0.663,0.782,0,1,1,0.786,0.678,0.673,0.617,0.604,0.657,0.639,0.595,0.617,0.701,0.658,0.6,0.617,0.559,0.63,0.783,0.716,1,1,0.791,0.651,0.685,0.619,0.694
AT2G23430,0.401,0.557,0.85,0.799,1,0.832,1,0.466,1,0.76,0.592,0.833,0.825,0.827,0.682,0.669,1,0.728,1,0.841,0.711,0.559,0.766,0.789,1,0.782,0.768,0,0.669,0.8,1,0.769,0.695,1,0.672,1,0.753,0.733,0.82,0.738,0.834,0.804,0.82,1,1,1,0.812,0.775,0.583,0.823,1,0.913,0.713,0.764,1,0.783,0.53,0.711,0.786,0.795,0.905,0.839,0.673,0.656,0.79,0.75,0.759,0.63,0.704,0.625,0.552,0.836,0.647,0.804,0.828,1,0.738,1,0.719,0.863,0.679,0.594,0.614,0.728,0.757,1,0.808,0.846,0.664,0.765,0.828,0.779,0.645,0.502,0.717,1,0.714,0.63,0.79,0.649,0.8,0.804,0.75,0.649,0.853,0.586,0.679,1,1,0.775,0.696,0.686,0.711,0.726,0.686,0.765,0.823,0.711,0.628,0.76,0.59,0.711,0.603,0.645,0.689,0.822,1,1,0.763,0.65,0.794,0.763,0.839
AT2G39780,0.704,0.66,0.784,0.803,1,0.898,1,0.786,1,0.808,0.791,0.886,0.834,0.862,0.802,0.782,1,0.82,1,0.919,0.789,0.82,0.637,0.778,1,0.788,0.807,0.669,0,0.862,1,0.818,0.766,1,0.801,1,0.85,0.857,0.744,0.854,0.847,0.849,0.789,1,1,1,0.861,0.836,0.686,0.788,1,0.926,0.678,0.827,1,0.818,0.806,0.671,0.788,0.82,0.912,0.856,0.796,0.797,0.876,0.81,0.835,0.808,0.799,0.818,0.8,0.831,0.774,0.818,0.864,1,0.799,1,0.817,0.826,0.812,0.746,0.752,0.793,0.826,1,0.797,0.836,0.789,0.828,0.835,0.905,0.8,0.756,0.796,1,0.826,0.764,0.864,0.862,0.763,0.81,0.848,0.801,0.726,0.752,0.71,1,1,0.798,0.822,0.813,0.671,0.769,0.842,0.84,0.784,0.671,0.81,0.817,0.902,0.671,0.812,0.797,0.839,0.874,1,1,0.731,0.827,0.849,0.885,0.87
AT4G25100,0.898,0.851,0.83,0.884,1,0.642,1,0.636,1,0.834,0.608,0.543,0.61,0.722,0.691,0.722,1,0.457,1,0.611,0.552,0.79,0.705,0.72,1,0.717,0.683,0.8,0.862,0,1,0.545,0.657,1,0.563,1,0.729,0.558,0.929,0.652,0.642,0.766,0.869,1,1,1,0.505,0.694,0.847,0.74,1,0.538,0.703,0.696,1,0.809,0.719,0.523,0.859,0.825,0.467,0.564,0.547,0.482,0.339,0.647,0.734,0.602,0.68,0.678,0.715,0.9,0.722,0.558,0.678,1,0.538,1,0.593,0.662,0.655,0.5,0.563,0.568,0.62,1,0.533,0.897,0.643,0.712,0.568,0.545,0.623,0.683,0.701,1,0.691,0.752,0.486,0.498,0.644,0.813,0.648,0.67,0.897,0.828,0.645,1,1,0.738,0.722,0.727,0.523,0.614,0.823,0.696,0.602,0.523,0.731,0.756,0.359,0.523,0.628,0.676,0.811,0.664,1,1,0.894,0.449,0.601,0.618,0.634
AB003040,1,1,1,1,1,1,1,1,1,1,1,1,1,1,1,1,1,1,1,1,1,1,1,1,1,1,1,1,1,1,0,1,1,1,1,1,1,1,1,1,1,1,1,1,1,1,1,1,1,1,1,1,1,1,1,1,1,1,1,1,1,1,1,1,1,1,1,1,1,1,1,1,1,1,1,1,1,1,1,1,1,1,1,1,1,1,1,1,1,1,1,1,1,1,1,1,1,1,1,1,1,1,1,1,1,1,1,1,1,1,1,1,1,1,1,1,1,1,1,1,1,1,1,1,1,1,1,1,1,1,1,1,1
AT1G78380,0.803,0.728,0.814,0.799,1,0.684,1,0.624,1,0.785,0.453,0.713,0.75,0.708,0.643,0.388,1,0.609,1,0.734,0.537,0.308,0.767,0.331,1,0.571,0.339,0.769,0.818,0.545,1,0,0.673,1,0.359,1,0.714,0.606,0.861,0.647,0.65,0.733,0.782,1,1,1,0.679,0.661,0.754,0.482,1,0.747,0.629,0.582,1,0.807,0.599,0.617,0.723,0.779,0.628,0.68,0.542,0.542,0.419,0.657,0.702,0.541,0.609,0.616,0.647,0.798,0.65,0.407,0.643,1,0.522,1,0.454,0.679,0.582,0.522,0.554,0.575,0.588,1,0.568,0.841,0.378,0.669,0.585,0.68,0.564,0.657,0.636,1,0.654,0.686,0.554,0.667,0.627,0.807,0.636,0.664,0.728,0.796,0,1,1,0.786,0.707,0.705,0.617,0.513,0.661,0.662,0.513,0.617,0.714,0.637,0.457,0.617,0.577,0.648,0.783,0.702,1,1,0.811,0.608,0.697,0.603,0.716
AT1G37130,0.736,0.633,0.751,0.76,1,0.658,1,0.628,1,0.761,0.603,0.76,0.513,0.693,0.641,0.517,1,0.75,1,0.84,0.614,0.667,0.744,0.634,1,0.691,0.653,0.695,0.766,0.657,1,0.673,0,1,0.643,1,0.749,0.652,0.788,0.571,0.641,0.653,0.733,1,1,1,0.657,0.698,0.66,0.73,1,0.815,0.781,0.697,1,0.815,0.669,0.677,0.742,0.799,0.814,0.665,0.583,0.666,0.701,0.552,0.685,0.581,0.577,0.662,0.607,0.751,0.542,0.7,0.659,1,0.623,1,0.62,0.774,0.553,0.642,0.587,0.634,0.721,1,0.634,0.824,0.616,0.696,0.711,0.691,0.599,0.719,0.675,1,0.682,0.691,0.74,0.629,0.619,0.82,0.709,0.638,0.767,0.696,0.412,1,1,0.637,0.62,0.671,0.677,0.712,0.653,0.658,0.768,0.677,0.792,0.7,0.671,0.677,0.667,0.661,0.802,0.681,1,1,0.789,0.649,0.685,0.74,0.814
Z56278,1,1,1,1,1,1,1,1,1,1,1,1,1,1,1,1,1,1,1,1,1,1,1,1,1,1,1,1,1,1,1,1,1,0,1,1,1,1,1,1,1,1,1,1,1,1,1,1,1,1,1,1,1,1,1,1,1,1,1,1,1,1,1,1,1,1,1,1,1,1,1,1,1,1,1,1,1,1,1,1,1,1,1,1,1,1,1,1,1,1,1,1,1,1,1,1,1,1,1,1,1,1,1,1,1,1,1,1,1,1,1,1,1,1,1,1,1,1,1,1,1,1,1,1,1,1,1,1,1,1,1,1,1
AT1G07890,0.743,0.743,0.773,0.809,1,0.653,1,0.596,1,0.744,0.358,0.725,0.695,0.732,0.524,0.51,1,0.557,1,0.733,0.362,0.308,0.727,0.505,1,0.687,0.496,0.672,0.801,0.563,1,0.359,0.643,1,0,1,0.68,0.549,0.828,0.65,0.628,0.74,0.798,1,1,1,0.601,0.617,0.744,0.497,1,0.786,0.671,0.527,1,0.817,0.319,0.617,0.742,0.706,0.671,0.72,0.498,0.309,0.464,0.517,0.674,0.594,0.573,0.561,0.591,0.821,0.606,0.464,0.66,1,0.601,1,0.417,0.677,0.492,0.588,0.458,0.478,0.603,1,0.641,0.837,0.223,0.617,0.624,0.646,0.393,0.623,0.522,1,0.636,0.607,0.551,0.556,0.649,0.836,0.611,0.619,0.724,0.684,0.313,1,1,0.61,0.724,0.727,0.617,0.524,0.559,0.614,0.568,0.617,0.705,0.464,0.432,0.617,0.527,0.572,0.586,0.73,1,1,0.802,0.483,0.633,0.597,0.751
X66017,1,1,1,1,1,1,1,1,1,1,1,1,1,1,1,1,1,1,1,1,1,1,1,1,1,1,1,1,1,1,1,1,1,1,1,0,1,1,1,1,1,1,1,1,1,1,1,1,1,1,1,1,1,1,1,1,1,1,1,1,1,1,1,1,1,1,1,1,1,1,1,1,1,1,1,1,1,1,1,1,1,1,1,1,1,1,1,1,1,1,1,1,1,1,1,1,1,1,1,1,1,1,1,1,1,1,1,1,1,1,1,1,1,1,1,1,1,1,1,1,1,1,1,1,1,1,1,1,1,1,1,1,1
AT4G39330,0.712,0.797,0.793,0.753,1,0.727,1,0.667,1,0.8,0.737,0.783,0.765,0.754,0.737,0.609,1,0.586,1,0.531,0.702,0.581,0.744,0.73,1,0.623,0.718,0.753,0.85,0.729,1,0.714,0.749,1,0.68,1,0,0.575,0.73,0.568,0.712,0.493,0.815,1,1,1,0.711,0.761,0.801,0.726,1,0.795,0.792,0.664,1,0.843,0,0.744,0.787,0.83,0.771,0.663,0.778,0.686,0.763,0.653,0.748,0.713,0.691,0.69,0.61,0.679,0.698,0.723,0.678,1,0.558,1,0.78,0.785,0.685,0.691,0.603,0.548,0.729,1,0.73,0.791,0.763,0.704,0.666,0.711,0.755,0.731,0.509,1,0.769,0.774,0.494,0.735,0.707,0.827,0.716,0.768,0.852,0.863,0.632,1,1,0.849,0.673,0.651,0.744,0.761,0.647,0.704,0.755,0.744,0.612,0.717,0.727,0.744,0.738,0.781,0.834,0.821,1,1,0.883,0.676,0.757,0.606,0.741
AT5G13930,0.72,0.811,0.851,0.861,1,0.618,1,0.529,1,0.797,0.586,0.712,0.592,0.676,0.608,0.671,1,0.59,1,0.63,0.488,0.461,0.739,0.727,1,0.69,0.623,0.733,0.857,0.558,1,0.606,0.652,1,0.549,1,0.575,0,0.868,0.487,0.624,0.704,0.83,1,1,1,0.663,0.571,0.843,0.707,1,0.802,0.496,0.562,1,0.84,0.23,0.617,0.804,0.795,0.719,0.731,0.578,0.537,0.557,0.452,0.651,0.57,0.557,0.559,0.597,0.83,0.65,0.658,0.645,1,0.505,1,0.658,0.626,0.536,0.551,0.389,0.408,0.714,1,0.594,0.87,0.631,0.614,0.581,0.606,0.591,0.619,0.477,1,0.637,0.676,0.572,0.534,0.619,0.845,0.583,0.557,0.889,0.714,0.674,1,1,0.674,0.677,0.682,0.617,0.685,0.6,0.611,0.735,0.617,0.63,0.64,0.533,0.617,0.583,0.593,0.667,0.705,1,1,0.862,0.488,0.545,0.497,0.668
AT3G20230,0.31,0.86,0.791,0.588,1,0.964,1,0.896,1,0.799,0.902,0.964,0.905,0.876,0.852,0.842,1,0.847,1,0.962,0.901,0.729,0.629,0.832,1,0.888,0.844,0.82,0.744,0.929,1,0.861,0.788,1,0.828,1,0.73,0.868,0,0.791,0.847,0.77,0.859,1,1,1,0.843,0.9,0.755,0.767,1,0.968,0.903,0.786,1,0.937,0.611,0.916,0.743,0.788,0.963,0.753,0.848,0.811,0.913,0.764,0.883,0.887,0.813,0.872,0.806,0.668,0.76,0.586,0.783,1,0.881,1,0.853,0.768,0.813,0.875,0.782,0.731,0.777,1,0.824,0.677,0.839,0.872,0.726,0.961,0.886,0.777,0.685,1,0.88,0.807,0.809,0.962,0.759,0.926,0.904,0.852,0.631,0.927,0.844,1,1,0.793,0.918,0.912,0.916,0.816,0.677,0.896,0.787,0.916,0.754,0.789,0.961,0.916,0.898,0.878,0.936,0.95,1,1,0.79,0.94,0.951,0.95,0.952
AT4G39980,0.679,0.638,0.814,0.772,1,0.486,1,0.373,1,0.727,0.626,0.634,0.742,0.438,0.609,0.619,1,0.61,1,0.7,0.615,0.594,0.735,0.697,1,0.722,0.506,0.738,0.854,0.652,1,0.647,0.571,1,0.65,1,0.568,0.487,0.791,0,0.425,0.461,0.759,1,1,1,0.468,0.543,0.74,0.721,1,0.708,0.646,0.589,1,0.829,0.455,0.617,0.816,0.759,0.766,0.411,0.612,0.605,0.614,0.488,0.53,0.355,0.441,0.462,0.4,0.609,0.492,0.661,0.508,1,0.416,1,0.542,0.621,0.428,0.507,0.544,0.508,0.665,1,0.39,0.828,0.699,0.514,0.484,0.518,0.725,0.631,0.553,1,0.518,0.602,0.594,0.497,0.453,0.836,0.482,0.548,0.86,0.736,0.706,1,1,0.786,0.479,0.54,0.617,0.743,0.657,0.469,0.738,0.617,0.633,0.703,0.533,0.617,0.484,0.562,0.852,0.549,1,1,0.85,0.569,0.632,0.529,0.651
AT1G31580,0.751,0.77,0.62,0.835,1,0.444,1,0.49,1,0.647,0.668,0.613,0.73,0.379,0.489,0.695,1,0.531,1,0.727,0.63,0.681,0.738,0.697,1,0.77,0.617,0.834,0.847,0.642,1,0.65,0.641,1,0.628,1,0.712,0.624,0.847,0.425,0,0.515,0.828,1,1,1,0.523,0.436,0.797,0.688,1,0.558,0.691,0.621,1,0.837,0.499,0.617,0.843,0.73,0.679,0.536,0.54,0.593,0.604,0.572,0.559,0.545,0.526,0.475,0.527,0.778,0.539,0.654,0.434,1,0.58,1,0.447,0.624,0.553,0.631,0.52,0.475,0.747,1,0.419,0.845,0.671,0.504,0.512,0.427,0.736,0.701,0.584,1,0.505,0.507,0.636,0.475,0.57,0.841,0.46,0.533,0.84,0.7,0.694,1,1,0.658,0.576,0.594,0.617,0.735,0.704,0.371,0.77,0.617,0.717,0.675,0.538,0.617,0.562,0.523,0.869,0.298,1,1,0.867,0.558,0.64,0.56,0.526
AT4G37980,0.712,0.802,0.803,0.771,1,0.557,1,0.692,1,0.798,0.791,0.69,0.786,0.468,0.692,0.792,1,0.729,1,0.831,0.802,0.581,0.772,0.783,1,0.748,0.755,0.804,0.849,0.766,1,0.733,0.653,1,0.74,1,0.493,0.704,0.77,0.461,0.515,0,0.757,1,1,1,0.539,0.591,0.803,0.796,1,0.639,0.743,0.667,1,0.799,0,0.749,0.787,0.72,0.824,0.475,0.752,0.753,0.704,0.499,0.604,0.591,0.635,0.636,0.578,0.72,0.629,0.762,0.695,1,0.714,1,0.64,0.78,0.637,0.757,0.603,0.549,0.761,1,0.605,0.81,0.787,0.597,0.679,0.729,0.802,0.807,0.53,1,0.588,0.659,0.742,0.743,0.716,0.742,0.607,0.58,0.86,0.755,0.632,1,1,0.846,0.576,0.658,0.749,0.768,0.647,0.549,0.807,0.749,0.746,0.718,0.794,0.749,0.668,0.652,0.819,0.396,1,1,0.847,0.753,0.679,0.776,0.725
AT2G34770,0.854,0.704,0.77,0.708,1,0.881,1,0.787,1,0.694,0.69,0.813,0.822,0.731,0.778,0.648,1,0.905,1,0.943,0.815,0.667,0.807,0.692,1,0.701,0.685,0.82,0.789,0.869,1,0.782,0.733,1,0.798,1,0.815,0.83,0.859,0.759,0.828,0.757,0,1,1,1,0.88,0.723,0.551,0.835,1,0.949,0.762,0.716,1,0.714,0.682,0.842,0.532,0.701,0.941,0.839,0.868,0.856,0.866,0.701,0.747,0.576,0.633,0.778,0.856,0.749,0.648,0.829,0.669,1,0.684,1,0.832,0.846,0.686,0.672,0.784,0.774,0.688,1,0.807,0.818,0.762,0.773,0.816,0.941,0.775,0.817,0.736,1,0.768,0.766,0.891,0.93,0.661,0.698,0.788,0.764,0.807,0.765,0.626,1,1,0.808,0.753,0.727,0.842,0.774,0.757,0.777,0.836,0.842,0.818,0.706,0.944,0.842,0.732,0.767,0.513,0.791,1,1,0.827,0.908,0.678,0.923,0.841
AJ000470,1,1,1,1,1,1,1,1,1,1,1,1,1,1,1,1,1,1,1,1,1,1,1,1,1,1,1,1,1,1,1,1,1,1,1,1,1,1,1,1,1,1,1,0,1,1,1,1,1,1,1,1,1,1,1,1,1,1,1,1,1,1,1,1,1,1,1,1,1,1,1,1,1,1,1,1,1,1,1,1,1,1,1,1,1,1,1,1,1,1,1,1,1,1,1,1,1,1,1,1,1,1,1,1,1,1,1,1,1,1,1,1,1,1,1,1,1,1,1,1,1,1,1,1,1,1,1,1,1,1,1,1,1
L15389,1,1,1,1,1,1,1,1,1,1,1,1,1,1,1,1,1,1,1,1,1,1,1,1,1,1,1,1,1,1,1,1,1,1,1,1,1,1,1,1,1,1,1,1,0,1,1,1,1,1,1,1,1,1,1,1,1,1,1,1,1,1,1,1,1,1,1,1,1,1,1,1,1,1,1,1,1,1,1,1,1,1,1,1,1,1,1,1,1,1,1,1,1,1,1,1,1,1,1,1,1,1,1,1,1,1,1,1,1,1,1,1,1,1,1,1,1,1,1,1,1,1,1,1,1,1,1,1,1,1,1,1,1
AF062901,1,1,1,1,1,1,1,1,1,1,1,1,1,1,1,1,1,1,1,1,1,1,1,1,1,1,1,1,1,1,1,1,1,1,1,1,1,1,1,1,1,1,1,1,1,0,1,1,1,1,1,1,1,1,1,1,1,1,1,1,1,1,1,1,1,1,1,1,1,1,1,1,1,1,1,1,1,1,1,1,1,1,1,1,1,1,1,1,1,1,1,1,1,1,1,1,1,1,1,1,1,1,1,1,1,1,1,1,1,1,1,1,1,1,1,1,1,1,1,1,1,1,1,1,1,1,1,1,1,1,1,1,1
AT4G00860,0.809,0.855,0.716,0.864,1,0.485,1,0.647,1,0.808,0.756,0.584,0.812,0.584,0.688,0.752,1,0.688,1,0.6,0.743,0.775,0.768,0.745,1,0.744,0.725,0.812,0.861,0.505,1,0.679,0.657,1,0.601,1,0.711,0.663,0.843,0.468,0.523,0.539,0.88,1,1,1,0,0.662,0.85,0.56,1,0.598,0.767,0.72,1,0.86,0.684,0.749,0.862,0.757,0.698,0.493,0.651,0.618,0.559,0.641,0.64,0.63,0.667,0.626,0.545,0.876,0.696,0.698,0.693,1,0.572,1,0.602,0.687,0.608,0.668,0.647,0.612,0.76,1,0.468,0.863,0.696,0.669,0.614,0.526,0.744,0.711,0.7,1,0.631,0.692,0.682,0.573,0.691,0.858,0.617,0.64,0.846,0.78,0.727,1,1,0.691,0.565,0.636,0.749,0.74,0.559,0.574,0.741,0.749,0.726,0.766,0.359,0.749,0.687,0.664,0.884,0.556,1,1,0.861,0.599,0.731,0.649,0.688
AT3G57260,0.738,0.831,0.845,0.855,1,0.519,1,0.528,1,0.793,0.619,0.588,0.782,0.39,0.27,0.724,1,0.592,1,0.768,0.636,0.461,0.806,0.744,1,0.773,0.647,0.775,0.836,0.694,1,0.661,0.698,1,0.617,1,0.761,0.571,0.9,0.543,0.436,0.591,0.723,1,1,1,0.662,0,0.832,0.756,1,0.683,0.647,0.668,1,0.731,0.499,0.668,0.816,0.627,0.78,0.685,0.625,0.602,0.591,0.495,0.189,0.372,0.312,0.224,0.626,0.861,0.574,0.734,0.67,1,0.653,1,0.527,0.732,0.545,0.662,0.605,0.601,0.771,1,0.588,0.89,0.676,0.152,0.682,0.555,0.675,0.675,0.646,1,0.155,0.272,0.697,0.566,0.699,0.703,0.101,0.133,0.862,0.597,0.696,1,1,0.736,0.583,0.593,0.668,0.752,0.718,0.12,0.799,0.668,0.536,0.716,0.538,0.668,0.284,0.229,0.644,0.438,1,1,0.869,0.527,0.444,0.603,0.575
AT4G20360,0.823,0.408,0.732,0.607,1,0.912,1,0.66,1,0.7,0.675,0.902,0.787,0.838,0.744,0.568,1,0.863,1,0.928,0.801,0.667,0.708,0.658,1,0.771,0.662,0.583,0.686,0.847,1,0.754,0.66,1,0.744,1,0.801,0.843,0.755,0.74,0.797,0.803,0.551,1,1,1,0.85,0.832,0,0.753,1,0.934,0.754,0.754,1,0.828,0.682,0.779,0.698,0.768,0.923,0.824,0.681,0.658,0.863,0.777,0.821,0.64,0.656,0.793,0.746,0.729,0.607,0.761,0.646,1,0.67,1,0.751,0.731,0.691,0.549,0.699,0.758,0.731,1,0.784,0.763,0.738,0.827,0.799,0.919,0.769,0.712,0.728,1,0.839,0.777,0.871,0.838,0.629,0.823,0.844,0.8,0.539,0.693,0.626,1,1,0.808,0.804,0.79,0.779,0.741,0.757,0.832,0.765,0.779,0.853,0.75,0.919,0.779,0.738,0.773,0.806,0.879,1,1,0.65,0.837,0.878,0.901,0.886
AT3G16480,0.809,0.833,0.687,0.776,1,0.786,1,0.712,1,0.77,0.759,0.827,0.779,0.796,0.695,0.406,1,0.7,1,0.773,0.742,0.666,0.736,0.362,1,0.73,0.433,0.823,0.788,0.74,1,0.482,0.73,1,0.497,1,0.726,0.707,0.767,0.721,0.688,0.796,0.835,1,1,1,0.56,0.756,0.753,0,1,0.841,0.805,0.705,1,0.871,0.684,0.744,0.806,0.766,0.808,0.811,0.625,0.62,0.741,0.73,0.759,0.749,0.711,0.722,0.715,0.824,0.728,0.7,0.745,1,0.695,1,0.687,0.473,0.699,0.673,0.693,0.668,0.78,1,0.715,0.775,0.499,0.761,0.755,0.741,0.722,0.784,0.706,1,0.755,0.746,0.742,0.739,0.693,0.88,0.73,0.775,0.469,0.846,0.712,1,1,0.66,0.782,0.779,0.744,0.614,0.559,0.725,0.573,0.744,0.762,0.75,0.6,0.744,0.732,0.765,0.884,0.782,1,1,0.676,0.71,0.791,0.678,0.786
AT3G16520,1,1,1,1,1,1,1,1,1,1,1,1,1,1,1,1,1,1,1,1,1,1,1,1,1,1,1,1,1,1,1,1,1,1,1,1,1,1,1,1,1,1,1,1,1,1,1,1,1,1,0,1,1,1,1,1,1,1,1,1,1,1,1,1,1,1,1,1,1,1,1,1,1,1,1,1,1,1,1,1,1,1,1,1,1,1,1,1,1,1,1,1,1,1,1,1,1,1,1,1,1,1,1,1,1,1,1,1,1,1,1,1,1,1,1,1,1,1,1,1,1,1,1,1,1,1,1,1,1,1,1,1,1
AT2G42010,0.975,0.934,0.907,0.963,1,0.493,1,0.693,1,0.942,0.765,0.409,0.839,0.613,0.784,0.857,1,0.627,1,0.67,0.763,0.936,0.813,0.871,1,0.818,0.864,0.913,0.926,0.538,1,0.747,0.815,1,0.786,1,0.795,0.802,0.968,0.708,0.558,0.639,0.949,1,1,1,0.598,0.683,0.934,0.841,1,0,0.842,0.877,1,0.887,0.958,0.717,0.95,0.807,0.394,0.357,0.814,0.712,0.617,0.811,0.738,0.674,0.83,0.745,0.726,0.965,0.849,0.638,0.817,1,0.796,1,0.6,0.771,0.829,0.618,0.824,0.815,0.737,1,0.61,0.962,0.8,0.725,0.819,0.623,0.829,0.836,0.89,1,0.692,0.795,0.529,0.678,0.816,0.868,0.673,0.67,0.954,0.814,0.942,1,1,0.842,0.675,0.701,0.717,0.704,0.945,0.661,0.616,0.717,0.77,0.911,0.601,0.717,0.737,0.769,0.945,0.389,1,1,0.906,0.63,0.794,0.739,0.704
AT2G02990,0.861,0.695,0.875,0.86,1,0.65,1,0.613,1,0.751,0.66,0.656,0.738,0.701,0.748,0.778,1,0.729,1,0.806,0.635,0.461,0.779,0.804,1,0.713,0.701,0.713,0.678,0.703,1,0.629,0.781,1,0.671,1,0.792,0.496,0.903,0.646,0.691,0.743,0.762,1,1,1,0.767,0.647,0.754,0.805,1,0.842,0,0.6,1,0.793,0.645,0.617,0.584,0.572,0.775,0.813,0.583,0.621,0.708,0.628,0.721,0.64,0.706,0.69,0.741,0.854,0.737,0.746,0.722,1,0.716,1,0.688,0.629,0.665,0.567,0.602,0.587,0.716,1,0.7,0.88,0.69,0.725,0.697,0.712,0.681,0.713,0.591,1,0.688,0.728,0.741,0.613,0.64,0.779,0.692,0.66,0.909,0.654,0.796,1,1,0.786,0.786,0.791,0.617,0.753,0.727,0.727,0.807,0.617,0.777,0.682,0.601,0.617,0.642,0.668,0.677,0.699,1,1,0.836,0.656,0.652,0.657,0.726
AT1G76490,0.659,0.769,0.794,0.784,1,0.693,1,0.59,1,0.658,0.506,0.783,0.727,0.675,0.651,0.672,1,0.665,1,0.832,0.55,0.461,0.743,0.607,1,0.737,0.556,0.764,0.827,0.696,1,0.582,0.697,1,0.527,1,0.664,0.562,0.786,0.589,0.621,0.667,0.716,1,1,1,0.72,0.668,0.754,0.705,1,0.877,0.6,0,1,0.803,0.197,0.617,0.728,0.748,0.728,0.75,0.582,0.609,0.605,0.547,0.667,0.604,0.593,0.634,0.637,0.758,0.614,0.623,0.6,1,0.679,1,0.625,0.663,0.457,0.598,0.508,0.462,0.633,1,0.659,0.8,0.499,0.69,0.567,0.734,0.521,0.651,0.432,1,0.668,0.643,0.65,0.675,0.609,0.808,0.672,0.699,0.831,0.723,0.641,1,1,0.786,0.746,0.746,0.617,0.596,0.564,0.685,0.641,0.617,0.761,0.278,0.557,0.617,0.618,0.65,0.719,0.716,1,1,0.856,0.667,0.667,0.64,0.754
X99793,1,1,1,1,1,1,1,1,1,1,1,1,1,1,1,1,1,1,1,1,1,1,1,1,1,1,1,1,1,1,1,1,1,1,1,1,1,1,1,1,1,1,1,1,1,1,1,1,1,1,1,1,1,1,0,1,1,1,1,1,1,1,1,1,1,1,1,1,1,1,1,1,1,1,1,1,1,1,1,1,1,1,1,1,1,1,1,1,1,1,1,1,1,1,1,1,1,1,1,1,1,1,1,1,1,1,1,1,1,1,1,1,1,1,1,1,1,1,1,1,1,1,1,1,1,1,1,1,1,1,1,1,1
AT4G38530,0.837,0.837,0.819,0.867,1,0.856,1,0.78,1,0.786,0.753,0.777,0.845,0.718,0.754,0.833,1,0.842,1,0.879,0.831,0.853,0.74,0.824,1,0.782,0.782,0.783,0.818,0.809,1,0.807,0.815,1,0.817,1,0.843,0.84,0.937,0.829,0.837,0.799,0.714,1,1,1,0.86,0.731,0.828,0.871,1,0.887,0.793,0.803,1,0,0.774,0.677,0.771,0.696,0.873,0.872,0.821,0.822,0.809,0.789,0.729,0.754,0.765,0.734,0.862,0.9,0.815,0.876,0.845,1,0.788,1,0.81,0.849,0.807,0.815,0.806,0.796,0.802,1,0.844,0.897,0.794,0.746,0.85,0.863,0.787,0.821,0.811,1,0.696,0.735,0.842,0.852,0.811,0.501,0.74,0.752,0.904,0.734,0.698,1,1,0.819,0.752,0.745,0.677,0.754,0.87,0.745,0.857,0.677,0.699,0.814,0.857,0.677,0.687,0.695,0.709,0.778,1,1,0.868,0.833,0.713,0.838,0.703
AT1G67980,0.712,0.597,0.737,0.657,1,0.928,1,0.597,1,0.677,0.657,0.902,0.675,0.499,0.499,0.682,1,0.792,1,0.955,0.677,0.581,0.743,0.632,1,0.632,0.597,0.53,0.806,0.719,1,0.599,0.669,1,0.319,1,0,0.23,0.611,0.455,0.499,0,0.682,1,1,1,0.684,0.499,0.682,0.684,1,0.958,0.645,0.197,1,0.774,0,0.897,0.632,0.774,0.954,0.581,0.682,0.774,0.719,0.197,0.499,0.589,0.499,0.499,0.606,0.455,0.509,0.695,0.589,1,0.632,1,0.724,0.847,0.481,0.682,0.074,0.074,0.646,1,0.67,0.69,0.592,0.499,0.581,0.948,0.581,0.712,0,1,0.499,0.499,0.628,0.916,0.677,0.814,0.499,0.499,0.797,0.734,0.632,1,1,0.853,0.719,0.719,0.897,0.724,0.647,0.499,0.724,0.897,0.712,0.319,0.955,0.897,0.499,0.472,0.834,0.816,1,1,0.864,0.854,0.843,0.906,0.88
AT5G39190,0.942,0.749,0.671,0.905,1,0.718,1,0.357,1,0.742,0.617,0.717,0.717,0.717,0.523,0.744,1,0.523,1,0.744,0.617,0.842,0,0.711,1,0.717,0.617,0.711,0.671,0.523,1,0.617,0.677,1,0.617,1,0.744,0.617,0.916,0.617,0.617,0.749,0.842,1,1,1,0.749,0.668,0.779,0.744,1,0.717,0.617,0.617,1,0.677,0.897,0,0.856,0.812,0.717,0.717,0.617,0.617,0.617,0.617,0.668,0.617,0.617,0.617,0.718,0.886,0.671,0.717,0.72,1,0.617,1,0.711,0.617,0.617,0.617,0.617,0.617,0.717,1,0.617,0.843,0.617,0.668,0.617,0.72,0.617,0.668,0.617,1,0.617,0.668,0.682,0.617,0.617,0.833,0.617,0.668,0.846,0.711,0.86,1,1,0.523,0.749,0.783,0,0.671,0.854,0.668,0.711,0,0.744,0.718,0.807,0,0.617,0.617,0.855,0.617,1,1,0.782,0.617,0.617,0.617,0.617
AT3G02520,0.714,0.768,0.772,0.531,1,0.83,1,0.822,1,0.647,0.768,0.764,0.826,0.789,0.785,0.766,1,0.897,1,0.945,0.822,0.565,0.787,0.646,1,0.494,0.692,0.786,0.788,0.859,1,0.723,0.742,1,0.742,1,0.787,0.804,0.743,0.816,0.843,0.787,0.532,1,1,1,0.862,0.816,0.698,0.806,1,0.95,0.584,0.728,1,0.771,0.632,0.856,0,0.558,0.943,0.866,0.82,0.787,0.865,0.717,0.779,0.774,0.74,0.809,0.857,0.779,0.726,0.784,0.798,1,0.628,1,0.824,0.84,0.734,0.804,0.757,0.754,0.658,1,0.814,0.752,0.747,0.817,0.847,0.941,0.745,0.853,0.72,1,0.829,0.77,0.87,0.927,0.762,0.818,0.827,0.813,0.672,0.803,0,1,1,0.795,0.792,0.774,0.856,0.766,0.706,0.814,0.803,0.856,0.835,0.693,0.942,0.856,0.804,0.827,0.536,0.882,1,1,0.812,0.917,0.829,0.924,0.889
AT3G59700,0.743,0.857,0.843,0.747,1,0.668,1,0.77,1,0.729,0.705,0.635,0.876,0.609,0.703,0.796,1,0.831,1,0.868,0.814,0.739,0.81,0.792,1,0.752,0.771,0.795,0.82,0.825,1,0.779,0.799,1,0.706,1,0.83,0.795,0.788,0.759,0.73,0.72,0.701,1,1,1,0.757,0.627,0.768,0.766,1,0.807,0.572,0.748,1,0.696,0.774,0.812,0.558,0,0.886,0.8,0.76,0.655,0.751,0.736,0.619,0.686,0.723,0.676,0.78,0.873,0.772,0.801,0.821,1,0.809,1,0.67,0.797,0.753,0.813,0.799,0.779,0.753,1,0.754,0.845,0.762,0.658,0.839,0.807,0.766,0.791,0.79,1,0.603,0.674,0.831,0.811,0.815,0.591,0.639,0.661,0.727,0.673,0.759,1,1,0.857,0.615,0.61,0.812,0.761,0.705,0.635,0.825,0.812,0.682,0.752,0.793,0.812,0.634,0.651,0.677,0.635,1,1,0.827,0.822,0.73,0.833,0.711
AT4G09320,0.972,0.924,0.89,0.957,1,0.6,1,0.764,1,0.932,0.617,0.547,0.719,0.785,0.822,0.833,1,0.494,1,0.597,0.62,0.931,0.774,0.845,1,0.796,0.819,0.905,0.912,0.467,1,0.628,0.814,1,0.671,1,0.771,0.719,0.963,0.766,0.679,0.824,0.941,1,1,1,0.698,0.78,0.923,0.808,1,0.394,0.775,0.728,1,0.873,0.954,0.717,0.943,0.886,0,0.511,0.585,0.566,0.546,0.806,0.839,0.726,0.858,0.775,0.625,0.958,0.894,0.411,0.646,1,0.716,1,0.56,0.652,0.807,0.558,0.757,0.738,0.723,1,0.688,0.953,0.679,0.81,0.526,0.553,0.746,0.687,0.844,1,0.783,0.856,0.35,0.61,0.721,0.847,0.761,0.783,0.946,0.892,0.937,1,1,0.837,0.807,0.809,0.717,0.66,0.939,0.777,0.597,0.717,0.807,0.795,0.557,0.717,0.696,0.779,0.939,0.722,1,1,0.912,0.564,0.701,0.61,0.643
AT3G44300,0.673,0.777,0.866,0.789,1,0.523,1,0.691,1,0.813,0.702,0.489,0.814,0.547,0.732,0.761,1,0.694,1,0.731,0.703,0.744,0.738,0.787,1,0.773,0.74,0.839,0.856,0.564,1,0.68,0.665,1,0.72,1,0.663,0.731,0.753,0.411,0.536,0.475,0.839,1,1,1,0.493,0.685,0.824,0.811,1,0.357,0.813,0.75,1,0.872,0.581,0.717,0.866,0.8,0.511,0,0.793,0.7,0.601,0.653,0.665,0.551,0.635,0.618,0.486,0.71,0.599,0.55,0.652,1,0.714,1,0.55,0.796,0.633,0.582,0.701,0.683,0.6,1,0.522,0.871,0.733,0.61,0.476,0.655,0.79,0.754,0.691,1,0.656,0.701,0.483,0.697,0.68,0.859,0.664,0.606,0.903,0.796,0.806,1,1,0.842,0.589,0.672,0.717,0.668,0.762,0.595,0.593,0.717,0.748,0.779,0.601,0.717,0.688,0.708,0.905,0.591,1,1,0.873,0.66,0.777,0.734,0.79
AT5G24090,0.798,0.674,0.778,0.8,1,0.642,1,0.569,1,0.79,0.577,0.775,0.612,0.7,0.586,0.707,1,0.54,1,0.685,0.533,0.787,0.719,0.726,1,0.787,0.623,0.673,0.796,0.547,1,0.542,0.583,1,0.498,1,0.778,0.578,0.848,0.612,0.54,0.752,0.868,1,1,1,0.651,0.625,0.681,0.625,1,0.814,0.583,0.582,1,0.821,0.682,0.617,0.82,0.76,0.585,0.793,0,0.375,0.575,0.587,0.697,0.617,0.642,0.581,0.536,0.879,0.668,0.583,0.546,1,0.649,1,0.516,0.516,0.598,0.567,0.526,0.558,0.79,1,0.617,0.858,0.561,0.689,0.558,0.508,0.624,0.57,0.635,1,0.617,0.66,0.605,0.365,0.585,0.808,0.638,0.668,0.723,0.705,0.738,1,1,0.743,0.777,0.784,0.617,0.706,0.575,0.62,0.757,0.617,0.754,0.671,0.457,0.617,0.518,0.538,0.854,0.67,1,1,0.787,0.444,0.552,0.533,0.628
AT3G25230,0.743,0.719,0.78,0.768,1,0.616,1,0.542,1,0.785,0.487,0.686,0.671,0.742,0.563,0.603,1,0.471,1,0.647,0.464,0.735,0.687,0.674,1,0.753,0.609,0.656,0.797,0.482,1,0.542,0.666,1,0.309,1,0.686,0.537,0.811,0.605,0.593,0.753,0.856,1,1,1,0.618,0.602,0.658,0.62,1,0.712,0.621,0.609,1,0.822,0.774,0.617,0.787,0.655,0.566,0.7,0.375,0,0.505,0.606,0.701,0.555,0.635,0.567,0.567,0.887,0.697,0.501,0.626,1,0.601,1,0.404,0.521,0.595,0.484,0.551,0.57,0.68,1,0.635,0.826,0.542,0.613,0.616,0.531,0.519,0.57,0.637,1,0.613,0.655,0.463,0.425,0.585,0.817,0.57,0.6,0.663,0.735,0.755,1,1,0.747,0.737,0.739,0.617,0.58,0.705,0.604,0.617,0.617,0.668,0.679,0.432,0.617,0.486,0.558,0.863,0.676,1,1,0.763,0.372,0.566,0.476,0.675
AT1G08830,0.742,0.864,0.844,0.876,1,0.529,1,0.63,1,0.837,0.472,0.591,0.736,0.664,0.638,0.721,1,0.55,1,0.687,0.501,0.308,0.794,0.722,1,0.759,0.683,0.79,0.876,0.339,1,0.419,0.701,1,0.464,1,0.763,0.557,0.913,0.614,0.604,0.704,0.866,1,1,1,0.559,0.591,0.863,0.741,1,0.617,0.708,0.605,1,0.809,0.719,0.617,0.865,0.751,0.546,0.601,0.575,0.505,0,0.644,0.646,0.548,0.618,0.588,0.625,0.866,0.668,0.419,0.698,1,0.615,1,0.393,0.709,0.576,0.554,0.572,0.602,0.596,1,0.531,0.892,0.474,0.612,0.574,0.581,0.554,0.623,0.685,1,0.58,0.667,0.494,0.567,0.68,0.803,0.569,0.545,0.896,0.751,0.645,1,1,0.786,0.684,0.698,0.617,0.548,0.788,0.6,0.601,0.617,0.71,0.689,0.359,0.617,0.546,0.579,0.811,0.588,1,1,0.896,0.515,0.662,0.664,0.679
AT1G51680,0.659,0.788,0.765,0.784,1,0.622,1,0.599,1,0.732,0.674,0.722,0.616,0.609,0.53,0.72,1,0.693,1,0.833,0.621,0.609,0.73,0.712,1,0.703,0.627,0.75,0.81,0.647,1,0.657,0.552,1,0.517,1,0.653,0.452,0.764,0.488,0.572,0.499,0.701,1,1,1,0.641,0.495,0.777,0.73,1,0.811,0.628,0.547,1,0.789,0.197,0.617,0.717,0.736,0.806,0.653,0.587,0.606,0.644,0,0.507,0.429,0.459,0.514,0.63,0.758,0.545,0.682,0.685,1,0.643,1,0.596,0.663,0.501,0.625,0.251,0.208,0.705,1,0.612,0.822,0.668,0.511,0.63,0.687,0.66,0.704,0.244,1,0.493,0.557,0.688,0.605,0.575,0.789,0.508,0.471,0.822,0.689,0.453,1,1,0.61,0.638,0.687,0.617,0.72,0.563,0.485,0.775,0.617,0.723,0.495,0.601,0.617,0.51,0.5,0.644,0.575,1,1,0.829,0.617,0.472,0.669,0.75
AT1G05010,0.738,0.821,0.832,0.839,1,0.538,1,0.583,1,0.647,0.65,0.563,0.822,0.434,0.318,0.736,1,0.711,1,0.795,0.69,0.677,0.803,0.761,1,0.748,0.67,0.759,0.835,0.734,1,0.702,0.685,1,0.674,1,0.748,0.651,0.883,0.53,0.559,0.604,0.747,1,1,1,0.64,0.189,0.821,0.759,1,0.738,0.721,0.667,1,0.729,0.499,0.668,0.779,0.619,0.839,0.665,0.697,0.701,0.646,0.507,0,0.396,0.315,0.266,0.632,0.849,0.596,0.778,0.759,1,0.681,1,0.594,0.793,0.502,0.699,0.664,0.667,0.636,1,0.631,0.884,0.702,0.208,0.743,0.652,0.689,0.702,0.697,1,0.257,0.249,0.744,0.656,0.751,0.699,0.169,0.264,0.846,0.63,0.696,1,1,0.777,0.57,0.6,0.668,0.761,0,0.154,0.81,0.668,0.585,0.608,0.638,0.668,0.348,0.302,0.644,0.534,1,1,0.861,0.632,0.524,0.68,0.627
AT4G16760,0.797,0.55,0.832,0.811,1,0.543,1,0.382,1,0.765,0.473,0.535,0.778,0.491,0.478,0.517,1,0.631,1,0.765,0.585,0.563,0.793,0.608,1,0.713,0.479,0.63,0.808,0.602,1,0.541,0.581,1,0.594,1,0.713,0.57,0.887,0.355,0.545,0.591,0.576,1,1,1,0.63,0.372,0.64,0.749,1,0.674,0.64,0.604,1,0.754,0.589,0.617,0.774,0.686,0.726,0.551,0.617,0.555,0.548,0.429,0.396,0,0.337,0.362,0.569,0.795,0.492,0.661,0.598,1,0.529,1,0.494,0.706,0.431,0.412,0.525,0.59,0.643,1,0.54,0.861,0.613,0.411,0.66,0.578,0.629,0.599,0.633,1,0.361,0.478,0.615,0.521,0.589,0.727,0.358,0.372,0.865,0.572,0.609,1,1,0.786,0.492,0.518,0.617,0.671,0.657,0.373,0.7,0.617,0.63,0.691,0.533,0.617,0.239,0.369,0.644,0.517,1,1,0.829,0.537,0.455,0.62,0.653
AT5G42650,0.673,0.663,0.761,0.735,1,0.69,1,0.462,1,0.679,0.537,0.728,0.679,0.516,0.311,0.58,1,0.691,1,0.839,0.544,0.549,0.751,0.642,1,0.713,0.519,0.704,0.799,0.68,1,0.609,0.577,1,0.573,1,0.691,0.557,0.813,0.441,0.526,0.635,0.633,1,1,1,0.667,0.312,0.656,0.711,1,0.83,0.706,0.593,1,0.765,0.499,0.617,0.74,0.723,0.858,0.635,0.642,0.635,0.618,0.459,0.315,0.337,0,0.243,0.594,0.699,0.229,0.69,0.598,1,0.536,1,0.595,0.736,0.234,0.519,0.517,0.53,0.656,1,0.554,0.822,0.608,0.285,0.629,0.732,0.642,0.647,0.578,1,0.315,0.36,0.689,0.682,0.54,0.771,0.287,0.333,0.807,0.674,0.512,1,1,0.57,0.601,0.618,0.617,0.701,0.529,0.298,0.759,0.617,0.639,0.609,0.533,0.617,0.348,0.328,0.644,0.636,1,1,0.834,0.618,0.603,0.706,0.717
AT5G05730,0.673,0.758,0.797,0.832,1,0.524,1,0.443,1,0.728,0.539,0.628,0.794,0.471,0.249,0.641,1,0.584,1,0.693,0.571,0.637,0.789,0.698,1,0.736,0.585,0.625,0.818,0.678,1,0.616,0.662,1,0.561,1,0.69,0.559,0.872,0.462,0.475,0.636,0.778,1,1,1,0.626,0.224,0.793,0.722,1,0.745,0.69,0.634,1,0.734,0.499,0.617,0.809,0.676,0.775,0.618,0.581,0.567,0.588,0.514,0.266,0.362,0.243,0,0.415,0.814,0.468,0.702,0.675,1,0.597,1,0.532,0.733,0.434,0.612,0.556,0.6,0.725,1,0.536,0.88,0.617,0.187,0.598,0.546,0.617,0.576,0.638,1,0.231,0.262,0.633,0.516,0.634,0.711,0.194,0.279,0.86,0.609,0.612,1,1,0.658,0.55,0.567,0.617,0.74,0.608,0.148,0.782,0.617,0.545,0.68,0,0.617,0.268,0.206,0.644,0.554,1,1,0.862,0.495,0.507,0.573,0.633
AT1G25220,0.699,0.671,0.793,0.815,1,0.418,1,0.474,1,0.767,0.581,0.723,0.759,0.591,0.61,0.654,1,0.54,1,0.653,0.572,0.729,0.764,0.755,1,0.752,0.705,0.552,0.8,0.715,1,0.647,0.607,1,0.591,1,0.61,0.597,0.806,0.4,0.527,0.578,0.856,1,1,1,0.545,0.626,0.746,0.715,1,0.726,0.741,0.637,1,0.862,0.606,0.718,0.857,0.78,0.625,0.486,0.536,0.567,0.625,0.63,0.632,0.569,0.594,0.415,0,0.74,0.539,0.598,0.651,1,0.629,1,0.509,0.746,0.542,0.643,0.619,0.627,0.732,1,0.546,0.868,0.619,0.548,0.381,0.578,0.658,0.54,0.675,1,0.601,0.624,0.531,0.552,0.652,0.854,0.597,0.592,0.867,0.651,0.757,1,1,0.774,0.586,0.644,0.718,0.76,0.608,0.509,0.791,0.718,0.613,0.679,0.557,0.718,0.565,0.573,0.897,0.602,1,1,0.841,0.566,0.696,0.561,0.732
AT3G29200,0.679,0.711,0.825,0.647,1,0.954,1,0.82,1,0.73,0.813,0.944,0.828,0.808,0.842,0.778,1,0.908,1,0.958,0.848,0.601,0.795,0.786,1,0.809,0.762,0.836,0.831,0.9,1,0.798,0.751,1,0.821,1,0.679,0.83,0.668,0.609,0.778,0.72,0.749,1,1,1,0.876,0.861,0.729,0.824,1,0.965,0.854,0.758,1,0.9,0.455,0.886,0.779,0.873,0.958,0.71,0.879,0.887,0.866,0.758,0.849,0.795,0.699,0.814,0.74,0,0.608,0.693,0.643,1,0.764,1,0.831,0.832,0.719,0.773,0.744,0.71,0.693,1,0.692,0.765,0.821,0.816,0.61,0.956,0.858,0.843,0.649,1,0.881,0.828,0.826,0.949,0.588,0.881,0.875,0.858,0.814,0.892,0.731,1,1,0.811,0.845,0.828,0.886,0.766,0.688,0.865,0.725,0.886,0.848,0.756,0.956,0.886,0.86,0.875,0.879,0.928,1,1,0.781,0.939,0.929,0.947,0.927
AT4G31500,0.673,0.57,0.744,0.685,1,0.752,1,0.514,1,0.634,0.6,0.823,0.618,0.602,0.5,0.607,1,0.748,1,0.904,0.546,0.549,0.743,0.658,1,0.726,0.577,0.647,0.774,0.722,1,0.65,0.542,1,0.606,1,0.698,0.65,0.76,0.492,0.539,0.629,0.648,1,1,1,0.696,0.574,0.607,0.728,1,0.849,0.737,0.614,1,0.815,0.509,0.671,0.726,0.772,0.894,0.599,0.668,0.697,0.668,0.545,0.596,0.492,0.229,0.468,0.539,0.608,0,0.677,0.584,1,0.611,1,0.612,0.788,0.297,0.582,0.539,0.562,0.628,1,0.532,0.795,0.619,0.486,0.572,0.823,0.647,0.686,0.589,1,0.58,0.566,0.7,0.768,0.52,0.839,0.598,0.554,0.802,0.668,0.512,1,1,0.57,0.654,0.665,0.671,0.698,0.529,0.564,0.761,0.671,0.75,0.595,0.741,0.671,0.554,0.57,0.722,0.686,1,1,0.819,0.738,0.779,0.826,0.837
AT3G13920,0.598,0.798,0.796,0.717,1,0.674,1,0.717,1,0.787,0.436,0.665,0.708,0.755,0.716,0.715,1,0.54,1,0.752,0.523,0.308,0.719,0.724,1,0.772,0.705,0.804,0.818,0.558,1,0.407,0.7,1,0.464,1,0.723,0.658,0.586,0.661,0.654,0.762,0.829,1,1,1,0.698,0.734,0.761,0.7,1,0.638,0.746,0.623,1,0.876,0.695,0.717,0.784,0.801,0.411,0.55,0.583,0.501,0.419,0.682,0.778,0.661,0.69,0.702,0.598,0.693,0.677,0,0.616,1,0.689,1,0.343,0.664,0.644,0.544,0.63,0.608,0.483,1,0.629,0.77,0.474,0.746,0.523,0.653,0.63,0.639,0.635,1,0.74,0.752,0.426,0.678,0.619,0.873,0.731,0.711,0.734,0.854,0.773,1,1,0.725,0.778,0.776,0.717,0.483,0.616,0.735,0.41,0.717,0.747,0.639,0.557,0.717,0.655,0.73,0.904,0.765,1,1,0.817,0.6,0.741,0.675,0.769
AT3G11170,0.797,0.659,0.811,0.709,1,0.733,1,0.638,1,0.753,0.634,0.811,0.667,0.663,0.713,0.619,1,0.591,1,0.701,0.624,0.563,0.757,0.664,1,0.761,0.601,0.828,0.864,0.678,1,0.643,0.659,1,0.66,1,0.678,0.645,0.783,0.508,0.434,0.695,0.669,1,1,1,0.693,0.67,0.646,0.745,1,0.817,0.722,0.6,1,0.845,0.589,0.72,0.798,0.821,0.646,0.652,0.546,0.626,0.698,0.685,0.759,0.598,0.598,0.675,0.651,0.643,0.584,0.616,0,1,0.569,1,0.581,0.635,0.576,0.577,0.62,0.584,0.699,1,0.535,0.773,0.692,0.716,0.473,0.456,0.753,0.66,0.624,1,0.714,0.734,0.638,0.541,0.518,0.833,0.708,0.748,0.827,0.844,0.714,1,1,0.831,0.747,0.741,0.72,0.734,0.675,0.679,0.748,0.72,0.807,0.682,0.538,0.72,0.673,0.716,0.856,0.707,1,1,0.86,0.62,0.66,0.566,0.681
Z26426,1,1,1,1,1,1,1,1,1,1,1,1,1,1,1,1,1,1,1,1,1,1,1,1,1,1,1,1,1,1,1,1,1,1,1,1,1,1,1,1,1,1,1,1,1,1,1,1,1,1,1,1,1,1,1,1,1,1,1,1,1,1,1,1,1,1,1,1,1,1,1,1,1,1,1,0,1,1,1,1,1,1,1,1,1,1,1,1,1,1,1,1,1,1,1,1,1,1,1,1,1,1,1,1,1,1,1,1,1,1,1,1,1,1,1,1,1,1,1,1,1,1,1,1,1,1,1,1,1,1,1,1,1
AT2G29450,0.887,0.685,0.724,0.738,1,0.651,1,0.466,1,0.752,0.6,0.716,0.689,0.663,0.683,0.534,1,0.57,1,0.614,0.634,0.708,0.734,0.52,1,0.469,0.471,0.738,0.799,0.538,1,0.522,0.623,1,0.601,1,0.558,0.505,0.881,0.416,0.58,0.714,0.684,1,1,1,0.572,0.653,0.67,0.695,1,0.796,0.716,0.679,1,0.788,0.632,0.617,0.628,0.809,0.716,0.714,0.649,0.601,0.615,0.643,0.681,0.529,0.536,0.597,0.629,0.764,0.611,0.689,0.569,1,0,1,0.663,0.648,0.566,0.48,0.528,0.505,0.701,1,0.47,0.839,0.68,0.657,0.514,0.549,0.717,0.665,0.621,1,0.667,0.717,0.608,0.569,0.488,0.79,0.581,0.706,0.791,0.806,0,1,1,0.772,0.552,0.529,0.617,0.712,0.754,0.632,0.748,0.617,0.625,0.701,0.533,0.617,0.593,0.665,0.783,0.668,1,1,0.851,0.57,0.653,0.534,0.565
AF087932,1,1,1,1,1,1,1,1,1,1,1,1,1,1,1,1,1,1,1,1,1,1,1,1,1,1,1,1,1,1,1,1,1,1,1,1,1,1,1,1,1,1,1,1,1,1,1,1,1,1,1,1,1,1,1,1,1,1,1,1,1,1,1,1,1,1,1,1,1,1,1,1,1,1,1,1,1,0,1,1,1,1,1,1,1,1,1,1,1,1,1,1,1,1,1,1,1,1,1,1,1,1,1,1,1,1,1,1,1,1,1,1,1,1,1,1,1,1,1,1,1,1,1,1,1,1,1,1,1,1,1,1,1
AT5G02500,0.761,0.749,0.819,0.821,1,0.432,1,0.576,1,0.789,0.391,0.554,0.729,0.61,0.548,0.689,1,0.527,1,0.75,0.499,0.308,0.741,0.698,1,0.765,0.663,0.719,0.817,0.593,1,0.454,0.62,1,0.417,1,0.78,0.658,0.853,0.542,0.447,0.64,0.832,1,1,1,0.602,0.527,0.751,0.687,1,0.6,0.688,0.625,1,0.81,0.724,0.711,0.824,0.67,0.56,0.55,0.516,0.404,0.393,0.596,0.594,0.494,0.595,0.532,0.509,0.831,0.612,0.343,0.581,1,0.663,1,0,0.643,0.54,0.559,0.615,0.621,0.593,1,0.53,0.839,0.45,0.597,0.609,0.445,0.556,0.572,0.659,1,0.508,0.568,0.534,0.471,0.642,0.819,0.569,0.516,0.774,0.575,0.679,1,1,0.747,0.563,0.598,0.711,0.521,0.711,0.492,0.563,0.711,0.737,0.641,0.538,0.711,0.477,0.52,0.689,0.503,1,1,0.795,0.512,0.648,0.58,0.689
AT1G51760,0.828,0.867,0.789,0.763,1,0.717,1,0.643,1,0.832,0.758,0.772,0.694,0.744,0.759,0.71,1,0.646,1,0.708,0.736,0.666,0.649,0.716,1,0.816,0.639,0.863,0.826,0.662,1,0.679,0.774,1,0.677,1,0.785,0.626,0.768,0.621,0.624,0.78,0.846,1,1,1,0.687,0.732,0.731,0.473,1,0.771,0.629,0.663,1,0.849,0.847,0.617,0.84,0.797,0.652,0.796,0.516,0.521,0.709,0.663,0.793,0.706,0.736,0.733,0.746,0.832,0.788,0.664,0.635,1,0.648,1,0.643,0,0.72,0.516,0.636,0.569,0.801,1,0.634,0.751,0.738,0.764,0.638,0.635,0.766,0.757,0.652,1,0.725,0.797,0.694,0.568,0.432,0.838,0.719,0.764,0.594,0.853,0.864,1,1,0.66,0.787,0.795,0.617,0.703,0.796,0.746,0.661,0.617,0.796,0.782,0.601,0.617,0.714,0.73,0.924,0.673,1,1,0.622,0.631,0.662,0.579,0.61
AT3G45140,0.673,0.686,0.76,0.751,1,0.619,1,0.463,1,0.601,0.475,0.727,0.653,0.592,0.483,0.597,1,0.637,1,0.78,0.455,0.46,0.737,0.627,1,0.701,0.532,0.679,0.812,0.655,1,0.582,0.553,1,0.492,1,0.685,0.536,0.813,0.428,0.553,0.637,0.686,1,1,1,0.608,0.545,0.691,0.699,1,0.829,0.665,0.457,1,0.807,0.481,0.617,0.734,0.753,0.807,0.633,0.598,0.595,0.576,0.501,0.502,0.431,0.234,0.434,0.542,0.719,0.297,0.644,0.576,1,0.566,1,0.54,0.72,0,0.534,0.51,0.552,0.508,1,0.529,0.8,0.53,0.56,0.631,0.627,0.502,0.588,0.574,1,0.51,0.477,0.649,0.584,0.558,0.83,0.522,0.531,0.82,0.68,0.512,1,1,0.57,0.598,0.63,0.617,0.656,0.529,0.509,0.718,0.617,0.689,0.447,0,0.617,0.471,0.512,0.693,0.689,1,1,0.827,0.599,0.681,0.657,0.777
AT1G76680,0.848,0.594,0.796,0.777,1,0.675,1,0.433,1,0.779,0.493,0.59,0.656,0.672,0.682,0.527,1,0.576,1,0.698,0.565,0.434,0.72,0.619,1,0.641,0.527,0.594,0.746,0.5,1,0.522,0.642,1,0.588,1,0.691,0.551,0.875,0.507,0.631,0.757,0.672,1,1,1,0.668,0.662,0.549,0.673,1,0.618,0.567,0.598,1,0.815,0.682,0.617,0.804,0.813,0.558,0.582,0.567,0.484,0.554,0.625,0.699,0.412,0.519,0.612,0.643,0.773,0.582,0.544,0.577,1,0.48,1,0.559,0.516,0.534,0,0.529,0.549,0.58,1,0.584,0.829,0.601,0.684,0.639,0.598,0.643,0.598,0.583,1,0.652,0.696,0.529,0.526,0.463,0.826,0.626,0.634,0.809,0.681,0.626,1,1,0.66,0.663,0.655,0.617,0.601,0.757,0.667,0.585,0.617,0.688,0.693,0.509,0.617,0.536,0.634,0.806,0.696,1,1,0.763,0.498,0.648,0.54,0.676
AT2G37040,0.659,0.642,0.77,0.789,1,0.714,1,0.496,1,0.754,0.598,0.762,0.628,0.632,0.603,0.629,1,0.642,1,0.738,0.592,0.556,0.7,0.629,1,0.689,0.568,0.614,0.752,0.563,1,0.554,0.587,1,0.458,1,0.603,0.389,0.782,0.544,0.52,0.603,0.784,1,1,1,0.647,0.605,0.699,0.693,1,0.824,0.602,0.508,1,0.806,0.074,0.617,0.757,0.799,0.757,0.701,0.526,0.551,0.572,0.251,0.664,0.525,0.517,0.556,0.619,0.744,0.539,0.63,0.62,1,0.528,1,0.615,0.636,0.51,0.529,0,0.118,0.687,1,0.487,0.827,0.604,0.62,0.543,0.637,0.629,0.568,0.243,1,0.613,0.635,0.627,0.535,0.516,0.82,0.567,0.587,0.819,0.654,0.438,1,1,0.61,0.68,0.683,0.617,0.691,0.563,0.632,0.739,0.617,0.715,0.471,0.075,0.617,0.562,0.537,0.743,0.627,1,1,0.808,0.559,0.616,0.642,0.674
AT3G53260,0.659,0.755,0.739,0.766,1,0.714,1,0.533,1,0.729,0.647,0.777,0.642,0.607,0.634,0.669,1,0.628,1,0.785,0.631,0.556,0.668,0.659,1,0.685,0.566,0.728,0.793,0.568,1,0.575,0.634,1,0.478,1,0.548,0.408,0.731,0.508,0.475,0.549,0.774,1,1,1,0.612,0.601,0.758,0.668,1,0.815,0.587,0.462,1,0.796,0.074,0.617,0.754,0.779,0.738,0.683,0.558,0.57,0.602,0.208,0.667,0.59,0.53,0.6,0.627,0.71,0.562,0.608,0.584,1,0.505,1,0.621,0.569,0.552,0.549,0.118,0,0.681,1,0.512,0.796,0.635,0.618,0.479,0.678,0.671,0.651,0.142,1,0.615,0.654,0.603,0.613,0.48,0.804,0.593,0.631,0.806,0.721,0.453,1,1,0.61,0.688,0.689,0.617,0.689,0.563,0.631,0.737,0.617,0.711,0.441,0.601,0.617,0.614,0.604,0.743,0.58,1,1,0.827,0.582,0.596,0.615,0.619
AT1G56190,0.729,0.747,0.789,0.697,1,0.781,1,0.711,1,0.393,0.56,0.655,0.767,0.748,0.716,0.713,1,0.741,1,0.845,0.562,0.46,0.767,0.73,1,0.683,0.708,0.757,0.826,0.62,1,0.588,0.721,1,0.603,1,0.729,0.714,0.777,0.665,0.747,0.761,0.688,1,1,1,0.76,0.771,0.731,0.78,1,0.737,0.716,0.633,1,0.802,0.646,0.717,0.658,0.753,0.723,0.6,0.79,0.68,0.596,0.705,0.636,0.643,0.656,0.725,0.732,0.693,0.628,0.483,0.699,1,0.701,1,0.593,0.801,0.508,0.58,0.687,0.681,0,1,0.667,0.707,0.589,0.747,0.704,0.809,0.619,0.762,0.687,1,0.766,0.646,0.605,0.81,0.655,0.815,0.756,0.733,0.809,0.79,0.589,1,1,0.79,0.755,0.75,0.717,0.619,0.712,0.756,0.631,0.717,0.773,0.51,0.601,0.717,0.71,0.778,0.693,0.82,1,1,0.833,0.713,0.791,0.801,0.847
Y14590,1,1,1,1,1,1,1,1,1,1,1,1,1,1,1,1,1,1,1,1,1,1,1,1,1,1,1,1,1,1,1,1,1,1,1,1,1,1,1,1,1,1,1,1,1,1,1,1,1,1,1,1,1,1,1,1,1,1,1,1,1,1,1,1,1,1,1,1,1,1,1,1,1,1,1,1,1,1,1,1,1,1,1,1,1,0,1,1,1,1,1,1,1,1,1,1,1,1,1,1,1,1,1,1,1,1,1,1,1,1,1,1,1,1,1,1,1,1,1,1,1,1,1,1,1,1,1,1,1,1,1,1,1
AT3G30775,0.822,0.738,0.84,0.751,1,0.491,1,0.55,1,0.757,0.68,0.6,0.75,0.556,0.657,0.646,1,0.633,1,0.574,0.637,0.643,0.732,0.646,1,0.738,0.608,0.808,0.797,0.533,1,0.568,0.634,1,0.641,1,0.73,0.594,0.824,0.39,0.419,0.605,0.807,1,1,1,0.468,0.588,0.784,0.715,1,0.61,0.7,0.659,1,0.844,0.67,0.617,0.814,0.754,0.688,0.522,0.617,0.635,0.531,0.612,0.631,0.54,0.554,0.536,0.546,0.692,0.532,0.629,0.535,1,0.47,1,0.53,0.634,0.529,0.584,0.487,0.512,0.667,1,0,0.855,0.713,0.571,0.423,0.43,0.744,0.624,0.625,1,0.601,0.662,0.621,0.457,0.422,0.842,0.529,0.619,0.83,0.744,0.63,1,1,0.786,0.56,0.578,0.617,0.734,0.729,0.565,0.719,0.617,0.728,0.705,0,0.617,0.634,0.624,0.883,0.462,1,1,0.836,0.621,0.703,0.642,0.626
AT5G42180,0.751,0.844,0.728,0.662,1,0.952,1,0.862,1,0.799,0.866,0.947,0.861,0.894,0.858,0.831,1,0.893,1,0.954,0.906,0.526,0.736,0.822,1,0.838,0.827,0.846,0.836,0.897,1,0.841,0.824,1,0.837,1,0.791,0.87,0.677,0.828,0.845,0.81,0.818,1,1,1,0.863,0.89,0.763,0.775,1,0.962,0.88,0.8,1,0.897,0.69,0.843,0.752,0.845,0.953,0.871,0.858,0.826,0.892,0.822,0.884,0.861,0.822,0.88,0.868,0.765,0.795,0.77,0.773,1,0.839,1,0.839,0.751,0.8,0.829,0.827,0.796,0.707,1,0.855,0,0.849,0.888,0.852,0.95,0.822,0.872,0.764,1,0.898,0.852,0.887,0.946,0.779,0.883,0.9,0.882,0.686,0.894,0.777,1,1,0.794,0.891,0.883,0.843,0.787,0.753,0.887,0.77,0.843,0.873,0.813,0.949,0.843,0.884,0.893,0.886,0.925,1,1,0.783,0.933,0.924,0.915,0.922
AT4G13940,0.32,0.707,0.789,0.824,1,0.684,1,0.626,1,0.732,0.278,0.719,0.732,0.732,0.581,0.485,1,0.629,1,0.81,0.388,0.308,0.756,0.516,1,0.704,0.514,0.664,0.789,0.643,1,0.378,0.616,1,0.223,1,0.763,0.631,0.839,0.699,0.671,0.787,0.762,1,1,1,0.696,0.676,0.738,0.499,1,0.8,0.69,0.499,1,0.794,0.592,0.617,0.747,0.762,0.679,0.733,0.561,0.542,0.474,0.668,0.702,0.613,0.608,0.617,0.619,0.821,0.619,0.474,0.692,1,0.68,1,0.45,0.738,0.53,0.601,0.604,0.635,0.589,1,0.713,0.849,0,0.701,0.673,0.71,0.384,0.593,0.666,1,0.648,0.6,0.61,0.634,0.693,0.821,0.689,0.635,0.747,0.638,0.458,1,1,0.691,0.742,0.745,0.617,0.511,0.559,0.663,0.559,0.617,0.688,0.549,0.557,0.617,0.56,0.601,0.586,0.752,1,1,0.803,0.581,0.667,0.662,0.784
AT3G54640,0.673,0.814,0.85,0.838,1,0.553,1,0.551,1,0.777,0.649,0.622,0.812,0.423,0.296,0.681,1,0.631,1,0.766,0.644,0.681,0.795,0.733,1,0.759,0.646,0.765,0.828,0.712,1,0.669,0.696,1,0.617,1,0.704,0.614,0.872,0.514,0.504,0.597,0.773,1,1,1,0.669,0.152,0.827,0.761,1,0.725,0.725,0.69,1,0.746,0.499,0.668,0.817,0.658,0.81,0.61,0.689,0.613,0.612,0.511,0.208,0.411,0.285,0.187,0.548,0.816,0.486,0.746,0.716,1,0.657,1,0.597,0.764,0.56,0.684,0.62,0.618,0.747,1,0.571,0.888,0.701,0,0.612,0.649,0.684,0.683,0.67,1,0.221,0.305,0.662,0.645,0.676,0.722,0.144,0.24,0.863,0.654,0.696,1,1,0.777,0.593,0.61,0.668,0.754,0.718,0.164,0.798,0.668,0.576,0.72,0.638,0.668,0.337,0.287,0.644,0.52,1,1,0.874,0.578,0.511,0.632,0.636
AT5G54810,0.673,0.746,0.857,0.757,1,0.648,1,0.638,1,0.763,0.641,0.799,0.725,0.628,0.727,0.72,1,0.572,1,0.731,0.608,0.729,0.702,0.737,1,0.792,0.649,0.828,0.835,0.568,1,0.585,0.711,1,0.624,1,0.666,0.581,0.726,0.484,0.512,0.679,0.816,1,1,1,0.614,0.682,0.799,0.755,1,0.819,0.697,0.567,1,0.85,0.581,0.617,0.847,0.839,0.526,0.476,0.558,0.616,0.574,0.63,0.743,0.66,0.629,0.598,0.381,0.61,0.572,0.523,0.473,1,0.514,1,0.609,0.638,0.631,0.639,0.543,0.479,0.704,1,0.423,0.852,0.673,0.612,0,0.631,0.739,0.616,0.598,1,0.708,0.737,0.517,0.628,0.501,0.839,0.671,0.727,0.887,0.844,0.806,1,1,0.786,0.76,0.762,0.617,0.776,0.762,0.694,0.786,0.617,0.749,0.648,0.557,0.617,0.658,0.675,0.905,0.673,1,1,0.893,0.641,0.685,0.639,0.651
AT3G50970,0.969,0.917,0.895,0.956,1,0.402,1,0.554,1,0.924,0.59,0.489,0.718,0.642,0.653,0.738,1,0.393,1,0.383,0.594,0.925,0.791,0.774,1,0.777,0.727,0.779,0.905,0.545,1,0.68,0.691,1,0.646,1,0.711,0.606,0.961,0.518,0.427,0.729,0.941,1,1,1,0.526,0.555,0.919,0.741,1,0.623,0.712,0.734,1,0.863,0.948,0.72,0.941,0.807,0.553,0.655,0.508,0.531,0.581,0.687,0.652,0.578,0.732,0.546,0.578,0.956,0.823,0.653,0.456,1,0.549,1,0.445,0.635,0.627,0.598,0.637,0.678,0.809,1,0.43,0.95,0.71,0.649,0.631,0,0.738,0.521,0.772,1,0.579,0.68,0.522,0.15,0.67,0.85,0.512,0.656,0.942,0.771,0.931,1,1,0.831,0.508,0.519,0.72,0.754,0.933,0.51,0.766,0.72,0.621,0.785,0,0.72,0.571,0.624,0.933,0.515,1,1,0.903,0.416,0.579,0.379,0.562
AT3G18780,0.748,0.769,0.83,0.837,1,0.692,1,0.594,1,0.739,0.374,0.743,0.668,0.763,0.551,0.577,1,0.663,1,0.793,0.387,0,0.766,0.656,1,0.743,0.647,0.645,0.8,0.623,1,0.564,0.599,1,0.393,1,0.755,0.591,0.886,0.725,0.736,0.802,0.775,1,1,1,0.744,0.675,0.769,0.722,1,0.829,0.681,0.521,1,0.787,0.581,0.617,0.745,0.766,0.746,0.79,0.624,0.519,0.554,0.66,0.689,0.629,0.642,0.617,0.658,0.858,0.647,0.63,0.753,1,0.717,1,0.556,0.766,0.502,0.643,0.629,0.671,0.619,1,0.744,0.822,0.384,0.684,0.739,0.738,0,0.628,0.703,1,0.657,0.605,0.659,0.648,0.749,0.826,0.676,0.61,0.819,0.617,0.647,1,1,0.772,0.744,0.748,0.617,0.498,0.677,0.678,0.558,0.617,0.732,0.547,0.359,0.617,0.543,0.621,0.464,0.767,1,1,0.809,0.616,0.677,0.644,0.804
AT1G16060,0,0.64,0.882,0.854,1,0.663,1,0.488,1,0.816,0.506,0.745,0.772,0.732,0.674,0.671,1,0.54,1,0.64,0.599,0.731,0.761,0.767,1,0.813,0.711,0.502,0.756,0.683,1,0.657,0.719,1,0.623,1,0.731,0.619,0.777,0.631,0.701,0.807,0.817,1,1,1,0.711,0.675,0.712,0.784,1,0.836,0.713,0.651,1,0.821,0.712,0.668,0.853,0.791,0.687,0.754,0.57,0.57,0.623,0.704,0.702,0.599,0.647,0.576,0.54,0.843,0.686,0.639,0.66,1,0.665,1,0.572,0.757,0.588,0.598,0.568,0.651,0.762,1,0.624,0.872,0.593,0.683,0.616,0.521,0.628,0,0.691,1,0.636,0.616,0.619,0.485,0.736,0.803,0.608,0.612,0.882,0.607,0.817,1,1,0.805,0.643,0.631,0.668,0.769,0.775,0.666,0.795,0.668,0.506,0.712,0,0.668,0.577,0.577,0.87,0.738,1,1,0.825,0.518,0.694,0.627,0.736
AT5G54160,0.659,0.728,0.737,0.723,1,0.8,1,0.609,1,0.705,0.684,0.844,0.688,0.665,0.68,0.694,1,0.71,1,0.865,0.694,0.536,0.719,0.691,1,0.705,0.606,0.717,0.796,0.701,1,0.636,0.675,1,0.522,1,0.509,0.477,0.685,0.553,0.584,0.53,0.736,1,1,1,0.7,0.646,0.728,0.706,1,0.89,0.591,0.432,1,0.811,0,0.617,0.72,0.79,0.844,0.691,0.635,0.637,0.685,0.244,0.697,0.633,0.578,0.638,0.675,0.649,0.589,0.635,0.624,1,0.621,1,0.659,0.652,0.574,0.583,0.243,0.142,0.687,1,0.625,0.764,0.666,0.67,0.598,0.772,0.703,0.691,0,1,0.666,0.687,0.672,0.704,0.54,0.826,0.67,0.66,0.787,0.734,0.453,1,1,0.61,0.734,0.733,0.617,0.697,0.563,0.678,0.725,0.617,0.749,0.377,0.601,0.617,0.658,0.66,0.743,0.737,1,1,0.813,0.679,0.723,0.707,0.793
X16432,1,1,1,1,1,1,1,1,1,1,1,1,1,1,1,1,1,1,1,1,1,1,1,1,1,1,1,1,1,1,1,1,1,1,1,1,1,1,1,1,1,1,1,1,1,1,1,1,1,1,1,1,1,1,1,1,1,1,1,1,1,1,1,1,1,1,1,1,1,1,1,1,1,1,1,1,1,1,1,1,1,1,1,1,1,1,1,1,1,1,1,1,1,1,1,0,1,1,1,1,1,1,1,1,1,1,1,1,1,1,1,1,1,1,1,1,1,1,1,1,1,1,1,1,1,1,1,1,1,1,1,1,1
AT1G64280,0,0.849,0.854,0.866,1,0.535,1,0.525,1,0.776,0.603,0.59,0.804,0.378,0.285,0.726,1,0.593,1,0.775,0.651,0.681,0.787,0.741,1,0.773,0.613,0.714,0.826,0.691,1,0.654,0.682,1,0.636,1,0.769,0.637,0.88,0.518,0.505,0.588,0.768,1,1,1,0.631,0.155,0.839,0.755,1,0.692,0.688,0.668,1,0.696,0.499,0.617,0.829,0.603,0.783,0.656,0.617,0.613,0.58,0.493,0.257,0.361,0.315,0.231,0.601,0.881,0.58,0.74,0.714,1,0.667,1,0.508,0.725,0.51,0.652,0.613,0.615,0.766,1,0.601,0.898,0.648,0.221,0.708,0.579,0.657,0.636,0.666,1,0,0.219,0.702,0.564,0.698,0.687,0.208,0.151,0.873,0.592,0.631,1,1,0.736,0.555,0.587,0.617,0.736,0.718,0.19,0.799,0.617,0.498,0.723,0.538,0.617,0.229,0.179,0.638,0.481,1,1,0.865,0.508,0.469,0.603,0.575
AT5G66570,0,0.775,0.772,0.821,1,0.627,1,0.564,1,0.555,0.614,0.679,0.812,0.523,0.187,0.701,1,0.675,1,0.844,0.601,0.633,0.771,0.718,1,0.773,0.648,0.63,0.764,0.752,1,0.686,0.691,1,0.607,1,0.774,0.676,0.807,0.602,0.507,0.659,0.766,1,1,1,0.692,0.272,0.777,0.746,1,0.795,0.728,0.643,1,0.735,0.499,0.668,0.77,0.674,0.856,0.701,0.66,0.655,0.667,0.557,0.249,0.478,0.36,0.262,0.624,0.828,0.566,0.752,0.734,1,0.717,1,0.568,0.797,0.477,0.696,0.635,0.654,0.646,1,0.662,0.852,0.6,0.305,0.737,0.68,0.605,0.616,0.687,1,0.219,0,0.751,0.658,0.733,0.751,0.291,0.21,0.831,0.568,0.694,1,1,0.658,0.642,0.662,0.668,0.731,0.704,0.215,0.787,0.668,0.575,0.618,0.538,0.668,0.362,0.23,0.644,0.592,1,1,0.852,0.604,0.591,0.684,0.72
AT4G01850,0.695,0.865,0.864,0.849,1,0.578,1,0.648,1,0.844,0.541,0.577,0.722,0.72,0.699,0.654,1,0.393,1,0.532,0.496,0.736,0.739,0.755,1,0.72,0.719,0.79,0.864,0.486,1,0.554,0.74,1,0.551,1,0.494,0.572,0.809,0.594,0.636,0.742,0.891,1,1,1,0.682,0.697,0.871,0.742,1,0.529,0.741,0.65,1,0.842,0.628,0.682,0.87,0.831,0.35,0.483,0.605,0.463,0.494,0.688,0.744,0.615,0.689,0.633,0.531,0.826,0.7,0.426,0.638,1,0.608,1,0.534,0.694,0.649,0.529,0.627,0.603,0.605,1,0.621,0.887,0.61,0.662,0.517,0.522,0.659,0.619,0.672,1,0.702,0.751,0,0.563,0.657,0.82,0.656,0.695,0.9,0.859,0.82,1,1,0.814,0.698,0.69,0.682,0.612,0.775,0.666,0.59,0.682,0.618,0.707,0.495,0.682,0.608,0.689,0.911,0.713,1,1,0.904,0.476,0.654,0.503,0.66
AT1G01470,0.967,0.756,0.891,0.947,1,0.456,1,0.461,1,0.911,0.563,0.556,0.654,0.652,0.615,0.706,1,0.459,1,0.461,0.533,0.889,0.775,0.76,1,0.783,0.669,0.649,0.862,0.498,1,0.667,0.629,1,0.556,1,0.735,0.534,0.962,0.497,0.475,0.743,0.93,1,1,1,0.573,0.566,0.838,0.739,1,0.678,0.613,0.675,1,0.852,0.916,0.617,0.927,0.811,0.61,0.697,0.365,0.425,0.567,0.605,0.656,0.521,0.682,0.516,0.552,0.949,0.768,0.678,0.541,1,0.569,1,0.471,0.568,0.584,0.526,0.535,0.613,0.81,1,0.457,0.946,0.634,0.645,0.628,0.15,0.648,0.485,0.704,1,0.564,0.658,0.563,0,0.599,0.849,0.511,0.621,0.941,0.651,0.895,1,1,0.786,0.554,0.569,0.617,0.762,0.924,0.536,0.784,0.617,0.643,0.769,0,0.617,0.515,0.534,0.9,0.523,1,1,0.864,0.335,0.514,0.388,0.574
AT2G20340,0.799,0.7,0.741,0.596,1,0.738,1,0.582,1,0.696,0.665,0.791,0.693,0.681,0.712,0.591,1,0.657,1,0.765,0.647,0.621,0.661,0.627,1,0.693,0.54,0.8,0.763,0.644,1,0.627,0.619,1,0.649,1,0.707,0.619,0.759,0.453,0.57,0.716,0.661,1,1,1,0.691,0.699,0.629,0.693,1,0.816,0.64,0.609,1,0.811,0.677,0.617,0.762,0.815,0.721,0.68,0.585,0.585,0.68,0.575,0.751,0.589,0.54,0.634,0.652,0.588,0.52,0.619,0.518,1,0.488,1,0.642,0.432,0.558,0.463,0.516,0.48,0.655,1,0.422,0.779,0.693,0.676,0.501,0.67,0.749,0.736,0.54,1,0.698,0.733,0.657,0.599,0,0.814,0.691,0.733,0.748,0.819,0.633,1,1,0.636,0.685,0.677,0.617,0.726,0.735,0.711,0.735,0.617,0.788,0.679,0.601,0.617,0.675,0.702,0.813,0.673,1,1,0.785,0.628,0.662,0.609,0.668
AT3G47290,0.837,0.848,0.824,0.83,1,0.866,1,0.818,1,0.796,0.751,0.708,0.847,0.677,0.769,0.839,1,0.856,1,0.853,0.849,0.881,0.85,0.833,1,0.778,0.776,0.804,0.81,0.813,1,0.807,0.82,1,0.836,1,0.827,0.845,0.926,0.836,0.841,0.742,0.698,1,1,1,0.858,0.703,0.823,0.88,1,0.868,0.779,0.808,1,0.501,0.814,0.833,0.818,0.591,0.847,0.859,0.808,0.817,0.803,0.789,0.699,0.727,0.771,0.711,0.854,0.881,0.839,0.873,0.833,1,0.79,1,0.819,0.838,0.83,0.826,0.82,0.804,0.815,1,0.842,0.883,0.821,0.722,0.839,0.85,0.826,0.803,0.826,1,0.687,0.751,0.82,0.849,0.814,0,0.707,0.742,0.901,0.734,0.759,1,1,0.892,0.674,0.644,0.833,0.764,0.89,0.712,0.866,0.833,0.576,0.836,0.857,0.833,0.69,0.669,0.771,0.739,1,1,0.872,0.82,0.627,0.836,0.497
AT2G14610,0.738,0.846,0.849,0.867,1,0.488,1,0.471,1,0.805,0.62,0.545,0.813,0.405,0.29,0.685,1,0.582,1,0.664,0.65,0.681,0.794,0.722,1,0.742,0.628,0.75,0.848,0.648,1,0.636,0.709,1,0.611,1,0.716,0.583,0.904,0.482,0.46,0.607,0.788,1,1,1,0.617,0.101,0.844,0.73,1,0.673,0.692,0.672,1,0.74,0.499,0.617,0.827,0.639,0.761,0.664,0.638,0.57,0.569,0.508,0.169,0.358,0.287,0.194,0.597,0.875,0.598,0.731,0.708,1,0.581,1,0.569,0.719,0.522,0.626,0.567,0.593,0.756,1,0.529,0.9,0.689,0.144,0.671,0.512,0.676,0.608,0.67,1,0.208,0.291,0.656,0.511,0.691,0.707,0,0.208,0.863,0.649,0.696,1,1,0.777,0.553,0.564,0.617,0.75,0.718,0.127,0.783,0.617,0.522,0.725,0,0.617,0.3,0.264,0.644,0.452,1,1,0.877,0.51,0.465,0.585,0.532
AT1G75040,0,0.789,0.848,0.848,1,0.541,1,0.547,1,0.76,0.618,0.586,0.763,0.449,0.292,0.728,1,0.659,1,0.809,0.633,0.461,0.786,0.764,1,0.785,0.685,0.649,0.801,0.67,1,0.664,0.638,1,0.619,1,0.768,0.557,0.852,0.548,0.533,0.58,0.764,1,1,1,0.64,0.133,0.8,0.775,1,0.67,0.66,0.699,1,0.752,0.499,0.668,0.813,0.661,0.783,0.606,0.668,0.6,0.545,0.471,0.264,0.372,0.333,0.279,0.592,0.858,0.554,0.711,0.748,1,0.706,1,0.516,0.764,0.531,0.634,0.587,0.631,0.733,1,0.619,0.882,0.635,0.24,0.727,0.656,0.61,0.612,0.66,1,0.151,0.21,0.695,0.621,0.733,0.742,0.208,0,0.855,0.506,0.696,1,1,0.736,0.58,0.615,0.668,0.708,0.718,0.222,0.757,0.668,0.521,0.739,0.601,0.668,0.303,0.208,0.644,0.507,1,1,0.85,0.549,0.531,0.694,0.666
AT5G20620,0.773,0.845,0.69,0.515,1,0.946,1,0.861,1,0.718,0.869,0.95,0.851,0.91,0.797,0.626,1,0.861,1,0.947,0.901,0.759,0.659,0.59,1,0.799,0.663,0.853,0.726,0.897,1,0.728,0.767,1,0.724,1,0.852,0.889,0.631,0.86,0.84,0.86,0.807,1,1,1,0.846,0.862,0.539,0.469,1,0.954,0.909,0.831,1,0.904,0.797,0.846,0.672,0.727,0.946,0.903,0.723,0.663,0.896,0.822,0.846,0.865,0.807,0.86,0.867,0.814,0.802,0.734,0.827,1,0.791,1,0.774,0.594,0.82,0.809,0.819,0.806,0.809,1,0.83,0.686,0.747,0.863,0.887,0.942,0.819,0.882,0.787,1,0.873,0.831,0.9,0.941,0.748,0.901,0.863,0.855,0,0.913,0.712,1,1,0.783,0.862,0.852,0.846,0.621,0.737,0.85,0.543,0.846,0.881,0.815,0.942,0.846,0.839,0.865,0.906,0.927,1,1,0.551,0.918,0.929,0.922,0.933
AT2G26330,0.729,0.638,0.858,0.88,1,0.664,1,0.586,1,0.785,0.594,0.701,0.834,0.683,0.607,0.749,1,0.836,1,0.898,0.72,0.549,0.823,0.792,1,0.807,0.782,0.586,0.752,0.828,1,0.796,0.696,1,0.684,1,0.863,0.714,0.927,0.736,0.7,0.755,0.765,1,1,1,0.78,0.597,0.693,0.846,1,0.814,0.654,0.723,1,0.734,0.734,0.711,0.803,0.673,0.892,0.796,0.705,0.735,0.751,0.689,0.63,0.572,0.674,0.609,0.651,0.892,0.668,0.854,0.844,1,0.806,1,0.575,0.853,0.68,0.681,0.654,0.721,0.79,1,0.744,0.894,0.638,0.654,0.844,0.771,0.617,0.607,0.734,1,0.592,0.568,0.859,0.651,0.819,0.734,0.649,0.506,0.913,0,0.679,1,1,0.834,0.625,0.638,0.711,0.736,0.796,0.622,0.819,0.711,0.746,0.74,0.763,0.711,0.577,0.533,0.635,0.577,1,1,0.795,0.703,0.748,0.759,0.774
AT2G25080,0.888,0.609,0.631,0.706,1,0.904,1,0.577,1,0.593,0.605,0.874,0.663,0.767,0.593,0.565,1,0.84,1,0.94,0.705,0.763,0.802,0,1,0,0,0.679,0.71,0.645,1,0,0.412,1,0.313,1,0.632,0.674,0.844,0.706,0.694,0.632,0.626,1,1,1,0.727,0.696,0.626,0.712,1,0.942,0.796,0.641,1,0.698,0.632,0.86,0,0.759,0.937,0.806,0.738,0.755,0.645,0.453,0.696,0.609,0.512,0.612,0.757,0.731,0.512,0.773,0.714,1,0,1,0.679,0.864,0.512,0.626,0.438,0.453,0.589,1,0.63,0.777,0.458,0.696,0.806,0.931,0.647,0.817,0.453,1,0.631,0.694,0.82,0.895,0.633,0.759,0.696,0.696,0.712,0.679,0,1,1,0.795,0.522,0.522,0.86,0.631,0.783,0.694,0.715,0.86,0.741,0.453,0.942,0.86,0.631,0.692,0.783,0.761,1,1,0.807,0.799,0.795,0.875,0.845
AT4G14980,1,1,1,1,1,1,1,1,1,1,1,1,1,1,1,1,1,1,1,1,1,1,1,1,1,1,1,1,1,1,1,1,1,1,1,1,1,1,1,1,1,1,1,1,1,1,1,1,1,1,1,1,1,1,1,1,1,1,1,1,1,1,1,1,1,1,1,1,1,1,1,1,1,1,1,1,1,1,1,1,1,1,1,1,1,1,1,1,1,1,1,1,1,1,1,1,1,1,1,1,1,1,1,1,1,1,1,0,1,1,1,1,1,1,1,1,1,1,1,1,1,1,1,1,1,1,1,1,1,1,1,1,1
AT1G67750,1,1,1,1,1,1,1,1,1,1,1,1,1,1,1,1,1,1,1,1,1,1,1,1,1,1,1,1,1,1,1,1,1,1,1,1,1,1,1,1,1,1,1,1,1,1,1,1,1,1,1,1,1,1,1,1,1,1,1,1,1,1,1,1,1,1,1,1,1,1,1,1,1,1,1,1,1,1,1,1,1,1,1,1,1,1,1,1,1,1,1,1,1,1,1,1,1,1,1,1,1,1,1,1,1,1,1,1,0,1,1,1,1,1,1,1,1,1,1,1,1,1,1,1,1,1,1,1,1,1,1,1,1
AT1G67550,0.859,0.846,0.57,0.809,1,0.837,1,0.66,1,0.658,0.786,0.842,0.621,0.842,0.41,0.808,1,0.738,1,0.849,0.725,0.772,0.523,0.795,1,0.795,0.786,0.775,0.798,0.738,1,0.786,0.637,1,0.61,1,0.849,0.674,0.793,0.786,0.658,0.846,0.808,1,1,1,0.691,0.736,0.808,0.66,1,0.842,0.786,0.786,1,0.819,0.853,0.523,0.795,0.857,0.837,0.842,0.743,0.747,0.786,0.61,0.777,0.786,0.57,0.658,0.774,0.811,0.57,0.725,0.831,1,0.772,1,0.747,0.66,0.57,0.66,0.61,0.61,0.79,1,0.786,0.794,0.691,0.777,0.786,0.831,0.772,0.805,0.61,1,0.736,0.658,0.814,0.786,0.636,0.892,0.777,0.736,0.783,0.834,0.795,1,1,0,0.846,0.866,0.523,0.767,0.794,0.658,0.824,0.523,0.736,0.61,0.876,0.523,0.786,0.658,0.909,0.786,1,1,0.735,0.676,0.786,0.786,0.786
AT5G26000,0.825,0.798,0.835,0.84,1,0.477,1,0.543,1,0.795,0.582,0.589,0.801,0.561,0.664,0.662,1,0.624,1,0.695,0.719,0.79,0.803,0.69,1,0.678,0.678,0.696,0.822,0.722,1,0.707,0.62,1,0.724,1,0.673,0.677,0.918,0.479,0.576,0.576,0.753,1,1,1,0.565,0.583,0.804,0.782,1,0.675,0.786,0.746,1,0.752,0.719,0.749,0.792,0.615,0.807,0.589,0.777,0.737,0.684,0.638,0.57,0.492,0.601,0.55,0.586,0.845,0.654,0.778,0.747,1,0.552,1,0.563,0.787,0.598,0.663,0.68,0.688,0.755,1,0.56,0.891,0.742,0.593,0.76,0.508,0.744,0.643,0.734,1,0.555,0.642,0.698,0.554,0.685,0.674,0.553,0.58,0.862,0.625,0.522,1,1,0.846,0,0.027,0.749,0.743,0.827,0.529,0.791,0.749,0.572,0.767,0.59,0.749,0.598,0.601,0.734,0.487,1,1,0.83,0.616,0.648,0.613,0.647
AT5G25980,0.825,0.787,0.828,0.822,1,0.528,1,0.546,1,0.784,0.577,0.611,0.815,0.612,0.678,0.65,1,0.613,1,0.676,0.727,0.79,0.818,0.679,1,0.659,0.673,0.686,0.813,0.727,1,0.705,0.671,1,0.727,1,0.651,0.682,0.912,0.54,0.594,0.658,0.727,1,1,1,0.636,0.593,0.79,0.779,1,0.701,0.791,0.746,1,0.745,0.719,0.783,0.774,0.61,0.809,0.672,0.784,0.739,0.698,0.687,0.6,0.518,0.618,0.567,0.644,0.828,0.665,0.776,0.741,1,0.529,1,0.598,0.795,0.63,0.655,0.683,0.689,0.75,1,0.578,0.883,0.745,0.61,0.762,0.519,0.748,0.631,0.733,1,0.587,0.662,0.69,0.569,0.677,0.644,0.564,0.615,0.852,0.638,0.522,1,1,0.866,0.027,0,0.783,0.737,0.827,0.562,0.789,0.783,0.555,0.765,0.59,0.783,0.617,0.625,0.734,0.496,1,1,0.835,0.624,0.669,0.62,0.631
AT2G05510,0.942,0.749,0.671,0.905,1,0.718,1,0.357,1,0.742,0.617,0.717,0.717,0.717,0.523,0.744,1,0.523,1,0.744,0.617,0.842,0,0.711,1,0.717,0.617,0.711,0.671,0.523,1,0.617,0.677,1,0.617,1,0.744,0.617,0.916,0.617,0.617,0.749,0.842,1,1,1,0.749,0.668,0.779,0.744,1,0.717,0.617,0.617,1,0.677,0.897,0,0.856,0.812,0.717,0.717,0.617,0.617,0.617,0.617,0.668,0.617,0.617,0.617,0.718,0.886,0.671,0.717,0.72,1,0.617,1,0.711,0.617,0.617,0.617,0.617,0.617,0.717,1,0.617,0.843,0.617,0.668,0.617,0.72,0.617,0.668,0.617,1,0.617,0.668,0.682,0.617,0.617,0.833,0.617,0.668,0.846,0.711,0.86,1,1,0.523,0.749,0.783,0,0.671,0.854,0.668,0.711,0,0.744,0.718,0.807,0,0.617,0.617,0.855,0.617,1,1,0.782,0.617,0.617,0.617,0.617
AT1G04820,0.816,0.781,0.729,0.784,1,0.793,1,0.706,1,0.721,0.519,0.7,0.73,0.807,0.697,0.632,1,0.7,1,0.803,0.633,0.308,0.724,0.566,1,0.718,0.604,0.726,0.769,0.614,1,0.513,0.712,1,0.524,1,0.761,0.685,0.816,0.743,0.735,0.768,0.774,1,1,1,0.74,0.752,0.741,0.614,1,0.704,0.753,0.596,1,0.754,0.724,0.671,0.766,0.761,0.66,0.668,0.706,0.58,0.548,0.72,0.761,0.671,0.701,0.74,0.76,0.766,0.698,0.483,0.734,1,0.712,1,0.521,0.703,0.656,0.601,0.691,0.689,0.619,1,0.734,0.787,0.511,0.754,0.776,0.754,0.498,0.769,0.697,1,0.736,0.731,0.612,0.762,0.726,0.764,0.75,0.708,0.621,0.736,0.631,1,1,0.767,0.743,0.737,0.671,0,0.718,0.752,0.209,0.671,0.763,0.578,0.601,0.671,0.659,0.751,0.638,0.794,1,1,0.715,0.674,0.731,0.712,0.817
AT1G01480,0.775,0.657,0.637,0.707,1,0.936,1,0.657,1,0.704,0.742,0.945,0.752,0.718,0.637,0.757,1,0.82,1,0.942,0.725,0.677,0.771,0.783,1,0.783,0.657,0.686,0.842,0.823,1,0.661,0.653,1,0.559,1,0.647,0.6,0.677,0.657,0.704,0.647,0.757,1,1,1,0.559,0.718,0.757,0.559,1,0.945,0.727,0.564,1,0.87,0.647,0.854,0.706,0.705,0.939,0.762,0.575,0.705,0.788,0.563,0,0.657,0.529,0.608,0.608,0.688,0.529,0.616,0.675,1,0.754,1,0.711,0.796,0.529,0.757,0.563,0.563,0.712,1,0.729,0.753,0.559,0.718,0.762,0.933,0.677,0.775,0.563,1,0.718,0.704,0.775,0.924,0.735,0.89,0.718,0.718,0.737,0.796,0.783,1,1,0.794,0.827,0.827,0.854,0.718,0,0.704,0.788,0.854,0.775,0.563,0.944,0.854,0.657,0.704,0.909,0.892,1,1,0.823,0.812,0.91,0.88,0.924
AT3G28930,0.738,0.837,0.773,0.857,1,0.44,1,0.524,1,0.726,0.612,0.558,0.795,0.376,0.203,0.687,1,0.576,1,0.719,0.61,0.681,0.791,0.727,1,0.735,0.639,0.765,0.84,0.696,1,0.662,0.658,1,0.614,1,0.704,0.611,0.896,0.469,0.371,0.549,0.777,1,1,1,0.574,0.12,0.832,0.725,1,0.661,0.727,0.685,1,0.745,0.499,0.668,0.814,0.635,0.777,0.595,0.62,0.604,0.6,0.485,0.154,0.373,0.298,0.148,0.509,0.865,0.564,0.735,0.679,1,0.632,1,0.492,0.746,0.509,0.667,0.632,0.631,0.756,1,0.565,0.887,0.663,0.164,0.694,0.51,0.678,0.666,0.678,1,0.19,0.215,0.666,0.536,0.711,0.712,0.127,0.222,0.85,0.622,0.694,1,1,0.658,0.529,0.562,0.668,0.752,0.704,0,0.789,0.668,0.534,0.717,0.538,0.668,0.292,0.21,0.644,0.454,1,1,0.862,0.507,0.471,0.554,0.604
AT4G20890,0.816,0.812,0.789,0.768,1,0.807,1,0.741,1,0.796,0.576,0.669,0.779,0.825,0.747,0.627,1,0.707,1,0.78,0.692,0.308,0.727,0.529,1,0.757,0.595,0.823,0.784,0.602,1,0.513,0.768,1,0.568,1,0.755,0.735,0.787,0.738,0.77,0.807,0.836,1,1,1,0.741,0.799,0.765,0.573,1,0.616,0.807,0.641,1,0.857,0.724,0.711,0.803,0.825,0.597,0.593,0.757,0.617,0.601,0.775,0.81,0.7,0.759,0.782,0.791,0.725,0.761,0.41,0.748,1,0.748,1,0.563,0.661,0.718,0.585,0.739,0.737,0.631,1,0.719,0.77,0.559,0.798,0.786,0.766,0.558,0.795,0.725,1,0.799,0.787,0.59,0.784,0.735,0.866,0.783,0.757,0.543,0.819,0.715,1,1,0.824,0.791,0.789,0.711,0.209,0.788,0.789,0,0.711,0.8,0.71,0.601,0.711,0.737,0.817,0.862,0.845,1,1,0.682,0.695,0.813,0.73,0.84
AT2G45820,0.942,0.749,0.671,0.905,1,0.718,1,0.357,1,0.742,0.617,0.717,0.717,0.717,0.523,0.744,1,0.523,1,0.744,0.617,0.842,0,0.711,1,0.717,0.617,0.711,0.671,0.523,1,0.617,0.677,1,0.617,1,0.744,0.617,0.916,0.617,0.617,0.749,0.842,1,1,1,0.749,0.668,0.779,0.744,1,0.717,0.617,0.617,1,0.677,0.897,0,0.856,0.812,0.717,0.717,0.617,0.617,0.617,0.617,0.668,0.617,0.617,0.617,0.718,0.886,0.671,0.717,0.72,1,0.617,1,0.711,0.617,0.617,0.617,0.617,0.617,0.717,1,0.617,0.843,0.617,0.668,0.617,0.72,0.617,0.668,0.617,1,0.617,0.668,0.682,0.617,0.617,0.833,0.617,0.668,0.846,0.711,0.86,1,1,0.523,0.749,0.783,0,0.671,0.854,0.668,0.711,0,0.744,0.718,0.807,0,0.617,0.617,0.855,0.617,1,1,0.782,0.617,0.617,0.617,0.617
AT3G15210,0,0.867,0.867,0.85,1,0.633,1,0.595,1,0.812,0.628,0.63,0.813,0.653,0.633,0.689,1,0.549,1,0.642,0.705,0.713,0.782,0.766,1,0.735,0.701,0.628,0.81,0.731,1,0.714,0.792,1,0.705,1,0.612,0.63,0.754,0.633,0.717,0.746,0.818,1,1,1,0.726,0.536,0.853,0.762,1,0.77,0.777,0.761,1,0.699,0.712,0.744,0.835,0.682,0.807,0.748,0.754,0.668,0.71,0.723,0.585,0.63,0.639,0.545,0.613,0.848,0.75,0.747,0.807,1,0.625,1,0.737,0.796,0.689,0.688,0.715,0.711,0.773,1,0.728,0.873,0.688,0.576,0.749,0.621,0.732,0.506,0.749,1,0.498,0.575,0.618,0.643,0.788,0.576,0.522,0.521,0.881,0.746,0.741,1,1,0.736,0.572,0.555,0.744,0.763,0.775,0.534,0.8,0.744,0,0.806,0.59,0.744,0.585,0.553,0.789,0.673,1,1,0.88,0.544,0.559,0.559,0.589
AT5G47770,0.76,0.772,0.758,0.78,1,0.734,1,0.689,1,0.505,0.546,0.811,0.717,0.718,0.67,0.718,1,0.706,1,0.876,0.575,0.565,0.755,0.672,1,0.716,0.658,0.76,0.817,0.756,1,0.637,0.7,1,0.464,1,0.717,0.64,0.789,0.703,0.675,0.718,0.706,1,1,1,0.766,0.716,0.75,0.75,1,0.911,0.682,0.278,1,0.814,0.319,0.718,0.693,0.752,0.795,0.779,0.671,0.679,0.689,0.495,0.608,0.691,0.609,0.68,0.679,0.756,0.595,0.639,0.682,1,0.701,1,0.641,0.782,0.447,0.693,0.471,0.441,0.51,1,0.705,0.813,0.549,0.72,0.648,0.785,0.547,0.712,0.377,1,0.723,0.618,0.707,0.769,0.679,0.836,0.725,0.739,0.815,0.74,0.453,1,1,0.61,0.767,0.765,0.718,0.578,0.563,0.717,0.71,0.718,0.806,0,0.557,0.718,0.668,0.703,0.693,0.791,1,1,0.827,0.746,0.757,0.753,0.837
AT2G28740,0.971,0.914,0.902,0.955,1,0.4,1,0.533,1,0.918,0.557,0.4,0.711,0.684,0.538,0.6,1,0.538,1,0,0.538,0.937,0.807,0.6,1,0.723,0.6,0.59,0.902,0.359,1,0.457,0.671,1,0.432,1,0.727,0.533,0.961,0.533,0.538,0.794,0.944,1,1,1,0.359,0.538,0.919,0.6,1,0.601,0.601,0.557,1,0.857,0.955,0.807,0.942,0.793,0.557,0.601,0.457,0.432,0.359,0.601,0.638,0.533,0.533,0,0.557,0.956,0.741,0.557,0.538,1,0.533,1,0.538,0.601,0,0.509,0.075,0.601,0.601,1,0,0.949,0.557,0.638,0.557,0,0.359,0,0.601,1,0.538,0.538,0.495,0,0.601,0.857,0,0.601,0.942,0.763,0.942,1,1,0.876,0.59,0.59,0.807,0.601,0.944,0.538,0.601,0.807,0.59,0.557,0,0.807,0.495,0.495,0.944,0.601,1,1,0.92,0.432,0.601,0.538,0.601
AT2G14850,0.942,0.749,0.671,0.905,1,0.718,1,0.357,1,0.742,0.617,0.717,0.717,0.717,0.523,0.744,1,0.523,1,0.744,0.617,0.842,0,0.711,1,0.717,0.617,0.711,0.671,0.523,1,0.617,0.677,1,0.617,1,0.744,0.617,0.916,0.617,0.617,0.749,0.842,1,1,1,0.749,0.668,0.779,0.744,1,0.717,0.617,0.617,1,0.677,0.897,0,0.856,0.812,0.717,0.717,0.617,0.617,0.617,0.617,0.668,0.617,0.617,0.617,0.718,0.886,0.671,0.717,0.72,1,0.617,1,0.711,0.617,0.617,0.617,0.617,0.617,0.717,1,0.617,0.843,0.617,0.668,0.617,0.72,0.617,0.668,0.617,1,0.617,0.668,0.682,0.617,0.617,0.833,0.617,0.668,0.846,0.711,0.86,1,1,0.523,0.749,0.783,0,0.671,0.854,0.668,0.711,0,0.744,0.718,0.807,0,0.617,0.617,0.855,0.617,1,1,0.782,0.617,0.617,0.617,0.617
AT4G08500,0.751,0.716,0.85,0.842,1,0.554,1,0.431,1,0.779,0.464,0.583,0.783,0.451,0.361,0.647,1,0.542,1,0.746,0.538,0.594,0.79,0.708,1,0.752,0.559,0.603,0.812,0.628,1,0.577,0.667,1,0.527,1,0.738,0.583,0.898,0.484,0.562,0.668,0.732,1,1,1,0.687,0.284,0.738,0.732,1,0.737,0.642,0.618,1,0.687,0.499,0.617,0.804,0.634,0.696,0.688,0.518,0.486,0.546,0.51,0.348,0.239,0.348,0.268,0.565,0.86,0.554,0.655,0.673,1,0.593,1,0.477,0.714,0.471,0.536,0.562,0.614,0.71,1,0.634,0.884,0.56,0.337,0.658,0.571,0.543,0.577,0.658,1,0.229,0.362,0.608,0.515,0.675,0.69,0.3,0.303,0.839,0.577,0.631,1,1,0.786,0.598,0.617,0.617,0.659,0.657,0.292,0.737,0.617,0.585,0.668,0.495,0.617,0,0.254,0.638,0.566,1,1,0.842,0.487,0.453,0.572,0.581
AT3G45640,0,0.74,0.818,0.863,1,0.585,1,0.522,1,0.734,0.551,0.645,0.778,0.471,0.238,0.715,1,0.645,1,0.789,0.606,0.681,0.786,0.754,1,0.787,0.63,0.645,0.797,0.676,1,0.648,0.661,1,0.572,1,0.781,0.593,0.878,0.562,0.523,0.652,0.767,1,1,1,0.664,0.229,0.773,0.765,1,0.769,0.668,0.65,1,0.695,0.472,0.617,0.827,0.651,0.779,0.708,0.538,0.558,0.579,0.5,0.302,0.369,0.328,0.206,0.573,0.875,0.57,0.73,0.716,1,0.665,1,0.52,0.73,0.512,0.634,0.537,0.604,0.778,1,0.624,0.893,0.601,0.287,0.675,0.624,0.621,0.577,0.66,1,0.179,0.23,0.689,0.534,0.702,0.669,0.264,0.208,0.865,0.533,0.692,1,1,0.658,0.601,0.625,0.617,0.751,0.704,0.21,0.817,0.617,0.553,0.703,0.495,0.617,0.254,0,0.644,0.534,1,1,0.842,0.501,0.474,0.631,0.616
AT5G52350,0.955,0.852,0.839,0.83,1,0.654,1,0.745,1,0.693,0.586,0.654,0.849,0.625,0.644,0.806,1,0.909,1,0.942,0.586,0.897,0.855,0.783,1,0.543,0.783,0.689,0.839,0.811,1,0.783,0.802,1,0.586,1,0.834,0.667,0.936,0.852,0.869,0.819,0.513,1,1,1,0.884,0.644,0.806,0.884,1,0.945,0.677,0.719,1,0.709,0.834,0.855,0.536,0.677,0.939,0.905,0.854,0.863,0.811,0.644,0.644,0.644,0.644,0.644,0.897,0.879,0.722,0.904,0.856,1,0.783,1,0.689,0.924,0.693,0.806,0.743,0.743,0.693,1,0.883,0.886,0.586,0.644,0.905,0.933,0.464,0.87,0.743,1,0.638,0.644,0.911,0.9,0.813,0.771,0.644,0.644,0.906,0.635,0.783,1,1,0.909,0.734,0.734,0.855,0.638,0.909,0.644,0.862,0.855,0.789,0.693,0.944,0.855,0.638,0.644,0,0.774,1,1,0.866,0.917,0.644,0.88,0.858
AT3G20600,0.853,0.882,0.877,0.905,1,0.374,1,0.482,1,0.855,0.718,0.512,0.814,0.402,0.606,0.773,1,0.574,1,0.755,0.738,0.886,0.807,0.775,1,0.799,0.716,0.822,0.874,0.664,1,0.702,0.681,1,0.73,1,0.821,0.705,0.95,0.549,0.298,0.396,0.791,1,1,1,0.556,0.438,0.879,0.782,1,0.389,0.699,0.716,1,0.778,0.816,0.617,0.882,0.635,0.722,0.591,0.67,0.676,0.588,0.575,0.534,0.517,0.636,0.554,0.602,0.928,0.686,0.765,0.707,1,0.668,1,0.503,0.673,0.689,0.696,0.627,0.58,0.82,1,0.462,0.925,0.752,0.52,0.673,0.515,0.767,0.738,0.737,1,0.481,0.592,0.713,0.523,0.673,0.739,0.452,0.507,0.927,0.577,0.761,1,1,0.786,0.487,0.496,0.617,0.794,0.892,0.454,0.845,0.617,0.673,0.791,0.601,0.617,0.566,0.534,0.774,0,1,1,0.877,0.587,0.586,0.662,0.479
AT5G06940,1,1,1,1,1,1,1,1,1,1,1,1,1,1,1,1,1,1,1,1,1,1,1,1,1,1,1,1,1,1,1,1,1,1,1,1,1,1,1,1,1,1,1,1,1,1,1,1,1,1,1,1,1,1,1,1,1,1,1,1,1,1,1,1,1,1,1,1,1,1,1,1,1,1,1,1,1,1,1,1,1,1,1,1,1,1,1,1,1,1,1,1,1,1,1,1,1,1,1,1,1,1,1,1,1,1,1,1,1,1,1,1,1,1,1,1,1,1,1,1,1,1,1,1,1,1,0,1,1,1,1,1,1
AT1G53840,1,1,1,1,1,1,1,1,1,1,1,1,1,1,1,1,1,1,1,1,1,1,1,1,1,1,1,1,1,1,1,1,1,1,1,1,1,1,1,1,1,1,1,1,1,1,1,1,1,1,1,1,1,1,1,1,1,1,1,1,1,1,1,1,1,1,1,1,1,1,1,1,1,1,1,1,1,1,1,1,1,1,1,1,1,1,1,1,1,1,1,1,1,1,1,1,1,1,1,1,1,1,1,1,1,1,1,1,1,1,1,1,1,1,1,1,1,1,1,1,1,1,1,1,1,1,1,0,1,1,1,1,1
AT2G41110,0.84,0.665,0.833,0.771,1,0.872,1,0.815,1,0.827,0.82,0.891,0.818,0.882,0.845,0.745,1,0.872,1,0.917,0.877,0.711,0.749,0.747,1,0.849,0.791,0.763,0.731,0.894,1,0.811,0.789,1,0.802,1,0.883,0.862,0.79,0.85,0.867,0.847,0.827,1,1,1,0.861,0.869,0.65,0.676,1,0.906,0.836,0.856,1,0.868,0.864,0.782,0.812,0.827,0.912,0.873,0.787,0.763,0.896,0.829,0.861,0.829,0.834,0.862,0.841,0.781,0.819,0.817,0.86,1,0.851,1,0.795,0.622,0.827,0.763,0.808,0.827,0.833,1,0.836,0.783,0.803,0.874,0.893,0.903,0.809,0.825,0.813,1,0.865,0.852,0.904,0.864,0.785,0.872,0.877,0.85,0.551,0.795,0.807,1,1,0.735,0.83,0.835,0.782,0.715,0.823,0.862,0.682,0.782,0.88,0.827,0.92,0.782,0.842,0.842,0.866,0.877,1,1,0,0.875,0.897,0.906,0.894
AT5G37770,0.68,0.774,0.858,0.933,1,0.537,1,0.496,1,0.869,0.504,0.614,0.689,0.646,0.558,0.663,1,0.381,1,0.551,0.491,0.9,0.751,0.727,1,0.731,0.651,0.65,0.827,0.449,1,0.608,0.649,1,0.483,1,0.676,0.488,0.94,0.569,0.558,0.753,0.908,1,1,1,0.599,0.527,0.837,0.71,1,0.63,0.656,0.667,1,0.833,0.854,0.617,0.917,0.822,0.564,0.66,0.444,0.372,0.515,0.617,0.632,0.537,0.618,0.495,0.566,0.939,0.738,0.6,0.62,1,0.57,1,0.512,0.631,0.599,0.498,0.559,0.582,0.713,1,0.621,0.933,0.581,0.578,0.641,0.416,0.616,0.518,0.679,1,0.508,0.604,0.476,0.335,0.628,0.82,0.51,0.549,0.918,0.703,0.799,1,1,0.676,0.616,0.624,0.617,0.674,0.812,0.507,0.695,0.617,0.544,0.746,0.432,0.617,0.487,0.501,0.917,0.587,1,1,0.875,0,0.394,0.313,0.615
AT2G41100,0.874,0.884,0.87,0.907,1,0.639,1,0.612,1,0.846,0.592,0.676,0.666,0.666,0.562,0.762,1,0.613,1,0.709,0.571,0.902,0.775,0.778,1,0.728,0.685,0.794,0.849,0.601,1,0.697,0.685,1,0.633,1,0.757,0.545,0.951,0.632,0.64,0.679,0.678,1,1,1,0.731,0.444,0.878,0.791,1,0.794,0.652,0.667,1,0.713,0.843,0.617,0.829,0.73,0.701,0.777,0.552,0.566,0.662,0.472,0.524,0.455,0.603,0.507,0.696,0.929,0.779,0.741,0.66,1,0.653,1,0.648,0.662,0.681,0.648,0.616,0.596,0.791,1,0.703,0.924,0.667,0.511,0.685,0.579,0.677,0.694,0.723,1,0.469,0.591,0.654,0.514,0.662,0.627,0.465,0.531,0.929,0.748,0.795,1,1,0.786,0.648,0.669,0.617,0.731,0.91,0.471,0.813,0.617,0.559,0.757,0.601,0.617,0.453,0.474,0.644,0.586,1,1,0.897,0.394,0,0.387,0.632
AT5G57560,0.944,0.902,0.858,0.942,1,0.547,1,0.526,1,0.893,0.582,0.691,0.722,0.703,0.633,0.644,1,0.432,1,0.472,0.548,0.915,0.74,0.683,1,0.601,0.619,0.763,0.885,0.618,1,0.603,0.74,1,0.597,1,0.606,0.497,0.95,0.529,0.56,0.776,0.923,1,1,1,0.649,0.603,0.901,0.678,1,0.739,0.657,0.64,1,0.838,0.906,0.617,0.924,0.833,0.61,0.734,0.533,0.476,0.664,0.669,0.68,0.62,0.706,0.573,0.561,0.947,0.826,0.675,0.566,1,0.534,1,0.58,0.579,0.657,0.54,0.642,0.615,0.801,1,0.642,0.915,0.662,0.632,0.639,0.379,0.644,0.627,0.707,1,0.603,0.684,0.503,0.388,0.609,0.836,0.585,0.694,0.922,0.759,0.875,1,1,0.786,0.613,0.62,0.617,0.712,0.88,0.554,0.73,0.617,0.559,0.753,0.538,0.617,0.572,0.631,0.88,0.662,1,1,0.906,0.313,0.387,0,0.602
AT1G72260,0.892,0.894,0.867,0.902,1,0.652,1,0.592,1,0.874,0.698,0.609,0.781,0.535,0.708,0.784,1,0.595,1,0.641,0.742,0.915,0.768,0.806,1,0.785,0.694,0.839,0.87,0.634,1,0.716,0.814,1,0.751,1,0.741,0.668,0.952,0.651,0.526,0.725,0.841,1,1,1,0.688,0.575,0.886,0.786,1,0.704,0.726,0.754,1,0.703,0.88,0.617,0.889,0.711,0.643,0.79,0.628,0.675,0.679,0.75,0.627,0.653,0.717,0.633,0.732,0.927,0.837,0.769,0.681,1,0.565,1,0.689,0.61,0.777,0.676,0.674,0.619,0.847,1,0.626,0.922,0.784,0.636,0.651,0.562,0.804,0.736,0.793,1,0.575,0.72,0.66,0.574,0.668,0.497,0.532,0.666,0.933,0.774,0.845,1,1,0.786,0.647,0.631,0.617,0.817,0.924,0.604,0.84,0.617,0.589,0.837,0.601,0.617,0.581,0.616,0.858,0.479,1,1,0.894,0.615,0.632,0.602,0
