1,2,3,4,5,6,7,8,9,10,11,12,13,14,15,16,17
YMR198W,-1.974595,-0.862575,-2.479599,-0.246686,0.657236,0.751396,0.394934,0.803454,0.515377,-0.352571,-0.486687,0.234556,1.114916,0.470974,0.234556,1.058323,0.16699
YBL052C,-0.764236,-1.954049,-2.04493,-0.150981,1.222654,0.398425,1.191624,0.908298,0.343676,-0.845451,-1.014772,0.245365,0.931063,0.505001,0.595226,0.245365,0.187721
YIL126W,-2.811836,-0.860826,-0.570838,-0.598745,0.859197,1.723498,0.652489,0.633059,0.804061,-0.227512,-0.488474,0.305975,0.949123,0.218999,-0.128498,-0.104186,-0.355484
YJR137C,-1.782356,-1.441744,-1.244324,0.384405,2.120182,1.218736,0.538896,-0.092887,-0.707972,-0.727984,-0.591598,-0.010911,0.521584,0.198693,0.231797,0.515799,0.869684
YCR035C,-0.014625,-2.16688,-1.185127,-0.362853,1.243735,0.220638,1.596491,0.611171,0.564109,-1.379776,-0.867267,0.321438,0.540419,0.065138,0.528527,-0.739803,1.024663
YDR219C,-1.143448,-1.68023,-2.067667,0.796151,0.537549,1.390288,-0.029494,0.384384,0.5987,-1.370934,-0.544233,0.44933,0.796151,0.873161,0.5987,0.121032,0.29056
YNL176C,-0.778086,-1.526772,-2.207223,0.107332,1.16835,1.058433,0.99533,0.551081,0.395323,-1.560297,-0.195895,0.313826,1.144325,0.263722,0.474347,0.053071,-0.256866
YLR455W,-1.26498,-0.641185,-2.284375,0.650156,1.315617,0.899102,-0.190477,0.686947,-0.885289,-0.930356,-0.300467,0.172599,0.650156,1.145964,1.25496,0.161853,-0.440225
YCRX04W,-1.746779,0.566987,-0.539484,-0.671974,0.190592,0.7847,1.771315,0.873657,0.075955,-1.548249,-1.107605,-0.995167,0.101635,0.290446,0.873657,1.337116,-0.256804
YIL050W,-1.62919,-2.133831,-1.003751,-0.2448,1.254953,1.587172,0.695779,0.23792,0.23792,-1.041592,-0.717244,0.311255,0.452726,0.758748,0.587752,0.359164,0.287018
YIL106W,-1.793078,-1.121338,-1.401359,-1.174537,-0.281188,0.707936,1.35239,1.130083,1.577118,0.337353,0.140195,-0.410075,-0.67173,0.169489,1.073176,0.255035,0.110531
YBL097W,-2.277045,-1.080507,-0.917777,-0.998117,1.41611,1.216416,1.257351,0.728521,-0.02161,-0.207573,-0.473354,-0.02161,0.375013,0.914516,0.531234,-0.762792,0.321225
YCL014W,-1.025532,-1.071272,-1.373942,-0.452386,0.57923,0.953989,1.482558,1.687585,0.953989,-1.60914,-0.696901,-0.696901,0.029668,0.632878,0.505064,-0.326527,0.42764
YJL099W,0.431325,-2.079728,-1.169015,-0.031238,-0.165332,1.676227,1.578453,0.158763,0.29829,-0.14254,-1.626145,-0.557002,-0.053173,1.106367,0.593758,0.239322,-0.258331
YKL048C,-0.784194,-1.793313,-1.320734,0.211624,0.747316,1.105052,0.728322,-0.352747,-0.119697,-1.668345,-1.007747,-0.045703,1.088102,1.105052,1.105052,0.531718,0.470241
YGL255W,-1.66232,-0.6133,-1.120904,-0.498956,-0.12344,0.439759,1.214048,0.685544,0.345048,-0.580167,-1.45577,-1.062155,0.080899,0.696244,1.231912,1.738013,0.685544
YJL137C,-0.477533,-0.718103,-2.762193,0.053558,1.321018,1.547083,0.623504,0.918464,0.053558,-0.524172,-0.768523,-0.619637,0.130768,0.524256,0.719688,0.297753,-0.319487
YBR104W,-2.605143,0.180216,1.19918,-0.374187,-0.928005,-0.78931,0.739596,0.432092,-0.333198,-0.862715,-0.40723,-0.212656,0.363623,0.526075,1.451432,1.305209,0.315021
YCR073C,-2.376789,-1.221888,-0.110892,-0.244928,0.143467,1.95207,2.015992,0.298147,-0.244928,-0.073439,-0.110892,-0.30391,-0.186868,-0.167736,0.331656,0.604852,-0.30391
YDL198C,-1.523156,-1.523156,-1.530655,-0.520613,0.016871,0.093751,0.008187,-0.377594,-0.453319,-0.422758,-0.048845,0.221461,0.551733,1.123639,1.329442,1.808343,1.24667
YDR389W,-0.607025,0.167174,-1.051825,-2.112187,0.355394,1.545402,1.146893,-0.033171,-0.203217,-0.759926,0.048532,-0.777414,-1.148927,1.203066,0.645827,1.31245,0.268952
YIL131C,-1.737245,-1.362413,-1.279717,0.368971,1.598492,1.694366,0.923095,0.473961,0.368971,-0.72702,-1.100317,-0.257993,0.422224,0.639516,0.325213,0.101477,-0.451582
YMR215W,-1.200731,-1.264914,-1.25494,-0.187787,1.149903,1.37072,1.222773,0.175251,-0.851864,-1.004252,-0.588194,-0.645655,0.262097,1.672051,0.821638,0.677719,-0.353813
YIL158W,-2.190775,-2.001672,-1.058034,-0.596168,0.544248,0.879316,1.022456,0.87039,0.638245,0.098757,-0.134319,-0.457411,-0.387382,0.634794,0.442463,0.938974,0.756116
YGL101W,-1.985889,-1.111711,-1.300782,0.146398,0.261157,0.347332,0.975158,0.236075,-0.170057,-1.50341,-0.559723,0.248644,0.794814,1.153806,1.439531,1.098616,-0.069957
YJR110W,-0.795428,-0.906972,-1.687496,0.465087,0.732941,1.73294,0.948293,0.700803,0.049968,-2.221041,-0.074601,-0.364838,0.534454,0.618837,0.81175,-0.272349,-0.272349
YOL012C,-2.28546,-1.929419,-1.306774,-0.041305,0.969969,0.417724,0.486796,0.056202,-0.233963,0.05163,0.02415,0.535432,0.330434,1.033628,1.069248,1.11301,-0.291301
YBL032W,-1.722014,-0.904587,-1.3792,-0.781815,1.742202,0.425895,1.558679,0.887123,-0.089081,-0.408144,-1.115534,-0.330335,0.339986,0.692925,0.940632,0.425895,-0.282627
YBR043C,-1.374102,-0.773287,-0.733609,-0.515649,0.601663,0.086591,1.368838,0.832157,-0.134625,-0.642453,-1.661488,-1.222799,0.065023,0.337107,1.605355,1.249237,0.912041
YCL012W,-1.425556,-1.044398,-2.101545,-0.449451,0.65209,0.806945,1.269959,1.562049,1.158724,0.718096,-0.751751,-0.751751,0.235516,-0.166756,0.235516,0.04455,0.007763
YCL013W,-1.230713,-0.569306,-1.230713,-0.335228,0.375545,1.086334,1.500726,1.873344,1.086334,-1.230713,-0.249699,-0.839531,0.743202,-1.159138,0.12469,-0.168149,0.223016
YCL062W,-1.309947,-0.97293,-1.951965,0.343151,1.19829,0.900812,1.183623,1.270516,0.900812,-0.813111,-1.241599,-0.69875,0.495972,0.236634,0.369189,0.362687,-0.273382
YCL063W,-1.281532,-0.498452,-1.171905,0.005301,1.298361,1.045442,1.216849,1.785294,0.754191,-1.721372,-0.985863,-0.616012,0.568148,-0.248772,-0.090469,0.045241,-0.104451
YDR324C,-2.437536,1.138736,0.004876,-1.007957,-1.13785,0.958493,1.382303,0.378192,0.6365,-0.24435,-0.673169,-0.781329,-0.605952,0.582186,0.3051,0.858551,0.643204
YDR325W,-1.473801,0.37568,-0.435196,-0.002593,0.484713,1.483741,0.826679,-0.378264,-0.234261,-1.581534,-1.550429,-0.885823,0.088194,1.483741,0.529196,1.40767,-0.137714
YGR108W,-2.190423,-0.659416,-1.187863,-1.151619,-0.356549,0.730142,1.234316,0.994126,0.919263,-0.259837,-0.531522,-0.646175,-0.367663,0.623717,1.003855,0.994126,0.851523
YPR119W,-1.914479,-0.866111,-1.367372,-1.032571,0.091961,0.66454,1.323945,1.565871,1.038305,-0.088321,-0.560291,-0.953964,-0.242103,0.15093,0.757007,0.675647,0.757007
YOL069W,-0.682758,-2.81463,-1.495591,-0.12311,-0.092248,0.8229,0.959243,1.027037,0.72637,-0.291991,-0.004559,-0.736211,0.520842,0.520842,0.620516,0.331484,0.711864
YHR023W,-1.311593,-1.82129,-1.434367,-1.406436,-0.241331,0.584202,1.411293,1.223246,0.74176,0.495153,-0.007731,-0.344625,-0.532612,0.473615,0.594411,0.684119,0.892186
YPL242C,-1.590896,-1.091175,-1.493999,-1.176397,0.766148,0.828084,1.369509,1.718223,0.773974,-0.018823,-0.268445,-0.527578,-0.746216,-0.172534,0.240406,0.726829,0.662889
YJR092W,-2.226863,-1.102673,-1.248118,-1.32588,0.727929,0.35784,0.29111,1.368396,1.344409,0.268276,-0.757775,-0.207506,0.350552,0.35784,0.588301,0.78518,0.428982
YLR353W,-1.877214,-1.58187,-1.621911,-0.523451,0.208711,0.574936,0.927807,0.920817,1.229275,0.450467,-0.851485,-0.614581,0.073097,0.170736,0.849743,0.948656,0.716267
YCL037C,-1.795441,-0.231719,-1.050265,-0.877556,1.845984,0.580236,1.467133,1.287571,0.526027,0.751941,-1.050265,-1.011289,-0.199377,0.035746,-0.363488,0.316481,-0.231719
YMR001C,-1.783463,-1.454488,-1.729512,-0.866819,-0.312805,0.499509,1.133167,1.278169,0.921848,-0.181901,-0.312805,-0.439933,0.303436,0.313128,0.766966,0.973439,0.892064
YGL021W,-1.858986,-1.493262,-1.130338,-0.97874,-0.025151,0.65024,1.195377,1.069242,0.770248,-0.238913,-0.822598,-0.595345,-0.097439,0.902895,0.953617,1.184218,0.514935
YOR025W,-1.642794,-1.835057,-1.248938,-1.148588,-0.545252,0.678084,0.961948,0.864872,1.50127,0.050867,-0.023176,-0.657194,0.374207,0.600262,0.629918,0.687533,0.752037
YDR146C,-2.256316,-1.699158,-0.855621,-0.881231,-0.558452,0.330234,0.607742,0.486298,0.529632,0.330234,0.064209,-0.385374,0.011105,1.283231,0.882084,1.43677,0.674611
YLR131C,-1.459791,-2.053518,-1.520084,-0.70037,0.230115,0.496172,0.907525,0.78771,1.045097,0.716987,-0.528294,-0.945105,0.271131,0.902464,0.389736,1.064087,0.396139
YNL053W,-0.933007,-0.701739,-1.589851,-0.684655,0.371602,1.137087,1.541929,1.639313,0.932841,-1.347878,-0.878073,-0.346218,-0.300762,-0.255981,0.273451,1.155828,-0.013885
YPR167C,-1.264265,-0.779727,-0.660664,0.163474,1.347051,1.076244,0.137461,-0.42627,-1.034591,-1.603837,-0.981686,-0.546568,0.026355,0.903892,1.170528,1.296122,1.176483
YML033W,-1.492807,-1.017496,-1.978817,-1.043861,0.174187,0.21123,0.620798,1.460207,0.677561,0.276335,-0.596868,-0.729945,-0.200907,0.453906,0.866446,1.272703,1.047328
YML034W,-1.254823,-1.061844,-2.627262,-0.461866,0.096382,0.641056,1.005778,1.498939,0.866,-0.211286,-0.592183,-0.341346,0.354479,0.498418,0.532471,0.641056,0.416032
YOR315W,-1.676921,-1.521295,-1.118314,-1.146872,-0.491172,0.444117,1.028737,1.176003,0.596549,-0.33621,-0.51467,-0.418345,0.092905,0.385343,0.869271,1.585235,1.045637
YHL028W,-1.41945,-1.874394,-1.60827,-0.698368,-0.166112,0.673278,1.114551,1.262394,0.823786,-0.818034,-0.119209,-0.331066,0.154418,0.324322,0.673278,0.937145,1.07173
YPL127C,-2.031272,-1.513996,1.053473,1.079626,1.110526,0.803839,-0.157815,-0.62925,-1.438031,-0.607548,0.217413,0.93754,0.500938,0.721631,0.306343,0.421113,-0.774531
YLL021W,-2.0635,-0.837624,1.424253,0.944203,1.401937,0.825162,0.483423,-1.0031,-1.089288,-0.338831,0.579744,0.344925,0.750101,0.313284,0.08232,-0.62624,-1.190769
YDR297W,-2.602052,-0.515921,0.82128,1.599439,1.372078,0.844298,0.169965,0.025473,-0.195502,-1.153333,0.736292,0.548958,-0.421325,0.180791,-0.425766,-0.585409,-0.399265
YJR043C,-1.004491,0.185522,1.753888,1.458528,0.611231,0.618163,0.447223,0.120209,-0.385736,-2.189577,0.241454,0.541101,0.469161,-0.067742,-0.496903,-1.579703,-0.722328
YDR113C,-1.302139,-0.480382,0.943413,1.19717,1.611321,1.071851,-0.449852,-0.862454,-1.445036,-1.09804,0.244955,0.943413,0.822663,0.611998,0.041244,-0.765911,-1.084213
YNL126W,-0.137405,-0.057786,0.508318,1.050997,1.108295,1.416741,0.707528,-0.467964,-1.086719,-2.278573,-0.725002,0.034283,1.031575,0.773916,0.137213,-1.161345,-0.854073
YEL061C,-1.188867,-0.67826,0.630939,1.164018,1.36238,1.057044,0.544466,-0.045929,-1.317235,-2.054569,-0.67826,0.091094,1.043269,0.958604,0.219462,-0.493409,-0.614747
YHR172W,-0.625449,0.306261,1.475293,1.512285,0.912707,1.240847,0.365294,-0.853077,-0.950317,-0.805846,-0.187945,-0.012036,0.792905,0.479318,-0.669333,-1.000399,-1.980506
YPR141C,-0.585318,-0.974638,0.99542,1.821346,1.443636,1.347003,0.413757,-0.37614,-1.114018,-1.295497,-0.563375,-0.26055,0.662755,0.479037,0.097614,-1.143132,-0.947902
YLR045C,-2.027861,-1.962424,0.042626,0.464799,1.507353,0.952005,0.659319,-0.046798,-0.59175,-1.395809,-0.06513,0.283424,0.813554,0.76332,0.72489,0.086042,-0.207561
YGR140W,-0.905449,-0.542586,1.612251,1.181727,1.277474,1.329271,0.328077,-0.707508,-1.168024,-1.021769,-0.312076,0.223445,0.724294,0.762246,-0.502813,-0.707508,-1.571052
YBL063W,-1.207228,-1.757846,0.229266,0.773023,1.705291,0.916059,0.427303,-0.47839,-0.400997,-2.037138,-0.202377,0.773023,1.058793,0.596069,0.085506,-0.0216,-0.458755
YDR356W,-1.694444,-1.154592,0.145264,0.754516,1.501007,1.594583,-0.399177,-0.840865,-0.684871,-0.950474,0.468267,1.049841,1.124737,0.66757,-0.082324,-0.684871,-0.814168
YJR006W,-0.401033,-0.514403,1.74922,1.03981,0.480043,0.585858,0.303794,-0.292107,-0.02093,-1.051813,-2.709342,1.054475,0.696118,0.294212,-0.303993,-0.605915,-0.303993
YBL003C,-1.424436,-2.067639,0.477144,0.700783,1.531344,-0.933894,0.095206,-0.522225,-1.352521,-0.198692,0.434696,0.914128,0.186797,0.655192,1.352456,0.449957,-0.298298
YBL002W,-2.369013,-1.493818,0.376942,0.903082,1.21257,-0.47137,-0.300001,-0.45417,-1.103562,-0.506287,0.508927,1.127219,0.785381,0.904766,0.626262,0.54271,-0.289634
YMR190C,-0.042271,-0.976794,-0.229532,0.297304,1.337,1.378831,1.157657,0.415133,0.191972,-2.678708,-0.378221,0.00743,0.576955,0.415133,-0.409718,0.21361,-1.275779
YPL016W,-2.119745,-1.662944,0.320601,0.839608,1.418915,1.323654,0.791354,0.717055,0.335423,-0.977482,-0.120297,-0.803123,0.561024,0.350174,0.019148,-0.926334,-0.067031
YFR037C,-1.609658,-0.118636,1.422095,1.80466,0.439895,0.073398,0.426234,0.073398,-0.348043,-1.609658,-1.006413,0.245333,1.514291,0.044211,-1.094035,0.329525,-0.586597
YER001W,-1.780789,0.31116,1.316637,1.10805,1.217176,0.216602,-0.158568,-0.861809,-1.710678,-1.441452,0.23581,0.784094,0.844182,0.753451,0.02385,-0.154071,-0.703646
YER003C,-1.890055,-0.864297,1.260715,1.489942,1.260715,0.074179,0.173471,-0.31529,-1.240742,-0.700024,0.250434,0.816159,1.096836,0.589863,-0.445875,-0.31529,-1.240742
YDL093W,-0.077674,-1.522133,1.422721,1.837908,1.223823,0.147867,0.230643,-0.205892,-0.243487,-0.438135,0.48224,0.947021,0.31136,-0.602641,-0.645107,-1.054312,-1.814203
YIR017C,-0.968852,-1.817242,-0.250054,1.424125,1.982841,1.620049,-0.277308,-1.009273,-0.852666,-0.968852,-0.021471,0.47746,0.265409,0.138538,0.116507,0.002252,0.138538
YKR001C,-2.079417,-1.574747,-0.326758,0.857687,0.978426,0.671377,0.23692,-1.311715,-0.236057,-1.311715,0.783953,0.796331,1.280086,0.543382,0.20939,0.08385,0.399008
YER118C,-2.228102,-0.613501,0.860425,1.007855,0.482704,0.038975,-0.809553,-0.412789,-0.9219,-1.058292,0.202883,1.207065,1.680811,1.148625,-0.301381,0.080749,-0.364574
YER016W,-0.999431,-0.689914,0.680635,2.51497,0.978428,0.169837,-0.02741,-0.170293,-1.906797,0.329082,0.286292,0.508949,0.169837,0.654735,-0.979337,-0.580131,-0.93945
YKR010C,-0.86297,-0.288084,0.025548,0.865958,2.005387,0.913637,0.968219,-0.587588,-0.878254,-1.274485,-1.635716,-0.878254,0.889918,0.865958,0.726064,-0.37576,-0.479579
YHR061C,-0.15877,-1.166601,0.050197,0.461787,0.883102,1.386196,0.700894,-0.92747,-0.710469,-1.340681,0.195545,0.584394,0.738482,0.883102,0.917918,-0.15877,-2.338857
YEL017W,-0.758765,-0.379873,-0.044624,1.007157,1.639577,0.753658,-1.194441,-0.241106,-0.415621,-0.718589,-1.821151,-0.108661,1.674887,1.219925,-0.882761,0.580047,-0.309659
YLL062C,-1.306956,-0.850794,-1.067789,1.344004,2.119132,1.575882,-0.117546,-1.138824,-0.850794,-0.129217,-0.311926,0.440141,0.30782,-0.428826,-0.496369,0.029352,0.88271
YJL118W,-1.918485,-2.150487,-0.011997,1.244755,1.05713,1.04693,-0.240126,-0.131472,-0.369388,-0.255973,0.497628,0.745626,0.801741,1.087554,-0.131472,-0.320249,-0.951715
YDR179C,-0.146909,0.13621,0.166123,1.519182,1.301651,1.519182,0.777338,0.121147,-0.542301,-2.099932,-1.570161,-0.290314,-0.122272,0.813624,-0.138677,-0.647316,-0.796575
YER018C,-0.873303,-0.749778,0.881739,1.538552,2.279146,0.845824,0.250125,0.1837,-1.002016,-0.630978,-0.969313,-0.000723,0.1837,0.31513,-0.048589,-0.544789,-1.658428
YBR156C,-0.78426,-0.814071,0.233403,0.944228,2.044388,1.378228,0.567887,0.607443,-0.445614,-0.262655,-0.472583,0.320197,0.742455,-0.339872,-0.418849,-1.899139,-1.401186
YBR184W,1.78675,0.942033,-0.340357,1.030648,1.292823,0.621346,0.167313,0.299492,-0.252777,-1.833715,-1.243209,0.167313,0.621346,-1.103707,-0.432211,-0.479879,-1.243209
YLR228C,0.718861,-0.012312,0.604251,1.184879,1.688395,0.51522,-0.703556,0.718861,0.296158,0.36045,-2.322756,-0.1229,0.263462,-1.31494,-1.37226,0.023624,-0.525436
YDR252W,1.305506,-0.177767,-1.031473,0.273064,1.375006,0.681726,-0.320239,0.611484,-0.154679,-2.90851,-0.910337,0.002126,0.370993,0.502901,-0.271987,0.716238,-0.06405
YBR007C,-1.147518,-0.515933,1.572982,0.897736,1.710754,1.306887,0.47119,0.061345,-0.722245,-1.292156,-0.097526,0.47119,0.638584,-0.85157,-0.397253,-0.638393,-1.468074
YEL018W,-0.773109,0.366611,0.671281,0.978467,1.553485,0.744144,-0.474365,0.178292,-1.057442,-1.322802,-1.820097,-0.738873,0.572112,1.370283,-1.094364,0.695711,0.150665
YER019W,-0.304685,-0.495887,1.808012,2.165337,1.035453,0.080087,0.214385,-0.287822,-1.26981,-0.22105,-0.442714,-0.531767,0.917014,0.329666,-0.495887,-1.118039,-1.382292
YFR038W,-1.106563,0.619401,1.642992,1.278459,0.670961,-0.200147,0.513782,0.175637,0.175637,-2.107549,0.721777,0.917711,0.054948,-0.698985,-0.26708,-1.106563,-1.28442
YLL061W,-0.921092,-0.706218,-0.065383,1.75804,2.444987,1.181226,-0.330155,-0.893069,-0.351896,-0.330155,-1.09705,-0.41839,0.118817,-0.921092,-0.486933,0.353517,0.664846
YKL049C,-1.932679,-2.011864,0.469989,0.886191,1.455884,0.711944,0.129013,-0.233438,-0.913671,-0.770418,-0.316343,0.248951,0.654835,1.126826,0.924744,0.157048,-0.587012
YOR188W,-0.787164,0.215632,0.752371,0.952253,1.21507,1.821625,1.138793,0.55302,-0.761626,-0.918516,-1.05633,0.105929,0.068363,-0.067157,-0.168161,-1.231206,-1.832895
YJR076C,-1.026172,-1.553155,-0.338639,0.451395,1.060779,1.394396,0.779315,1.06439,-0.474477,-1.581037,-0.292704,-0.749361,-0.118795,1.414375,1.096845,-0.262335,-0.86482
YJL092W,-1.643867,-1.316127,0.089515,1.063222,1.512055,1.868248,0.697679,0.049123,-0.683897,-0.69458,-0.69458,-0.084262,0.207174,1.068809,0.230095,-0.620774,-1.047831
YCR084C,-1.730447,0.170801,-0.098139,1.03347,1.250029,0.901677,1.199893,1.05943,-0.719206,-0.682636,-1.002121,-0.868135,0.484522,0.807372,0.570717,-0.887057,-1.49017
YJR112W,-1.979179,-1.770163,0.021224,1.186952,1.100483,0.61191,0.153719,-0.735229,-0.401427,-0.698187,-0.820394,0.070736,0.623473,1.550569,0.9244,0.529579,-0.368467
YLL046C,1.58578,1.044795,0.509423,0.26838,0.744516,1.1416,0.527009,0.022106,-0.704382,-1.118501,-2.48734,-1.298989,-0.180767,0.26838,0.127813,-0.021511,-0.428312
YDR464W,-0.174242,1.361753,-1.003913,0.286305,1.498526,1.637937,0.025025,0.255818,-0.360122,-1.509611,-1.338914,-0.669071,-0.336388,1.291588,0.121082,0.162997,-1.24877
YKL068W,-0.803113,0.279456,-0.279148,0.273422,0.530822,0.988795,0.922994,2.236345,-0.121576,-1.164695,0.386693,-0.992268,-0.356864,0.42179,0.729256,-1.448408,-1.603497
YDR451C,-2.018799,-0.413684,-0.613369,-0.128802,1.137073,1.686721,0.152891,-0.219242,-0.62961,-1.575538,-0.679155,-0.15422,0.693812,1.525525,0.942631,0.300233,-0.006466
YCR085W,-1.152745,-0.042373,-0.908701,0.329421,1.570149,1.718543,1.252897,0.648336,-0.40745,-1.227616,-1.044898,-0.908701,-0.279049,0.898198,0.529638,0.251967,-1.227616
YMR003W,-1.085541,-1.248837,-0.747015,0.978891,1.424644,1.444599,0.838328,-0.023715,-0.787981,-1.628348,-1.006798,-0.179147,0.322049,1.289832,0.775725,0.109394,-0.476081
YNR009W,-2.822919,-1.464069,-0.33416,0.422358,0.998002,1.006892,0.493894,-0.125156,-0.492643,-0.707269,-0.033086,0.676609,0.793493,0.971066,0.307564,0.608174,-0.298749
YOR073W,-1.211415,-1.994687,-0.793122,0.744806,1.210325,1.226615,0.554894,0.457245,-0.012193,-1.454946,-1.227945,0.161583,0.850009,1.098598,0.540159,-0.07006,-0.079868
YLL047W,1.671725,1.756696,0.496125,0.078359,0.174934,1.226185,0.943577,-0.393973,-0.640018,-1.088293,-1.344428,-1.665591,-0.772148,-0.021853,0.340389,-0.147319,-0.614367
YDR366C,-0.345446,1.370219,0.497212,0.044578,-0.286152,1.103558,1.401754,-0.985134,-0.171341,-0.80156,-1.773893,-1.530702,-0.663172,1.050496,0.978065,0.708086,-0.596568
YCR086W,-0.724866,0.072136,0.55425,0.623827,0.67849,1.69304,0.582253,-0.093471,-0.807359,-0.624427,-2.021031,-1.422875,0.321615,1.099224,0.623827,0.745656,-1.300289
YIL169C,-1.312828,-2.905469,0.070327,1.161503,1.324601,0.811674,0.821161,0.200475,0.250405,-0.442471,-0.494204,-0.408663,0.335066,0.381991,0.570697,-0.053939,-0.310327
YKL052C,-1.374828,-1.26864,0.016148,1.399965,1.779501,1.379819,0.963922,0.279572,0.125999,-1.749736,-0.595012,-0.292096,0.116176,0.362918,-0.045321,-0.236854,-0.861533
YKL053W,-1.885825,-1.123175,0.637868,2.0738,1.585206,0.351158,0.081025,-1.2524,-0.104501,-0.684182,-0.83069,-0.271863,0.540696,0.637868,0.02005,0.496828,-0.271863
YKL069W,-0.5232,0.642802,-0.137814,0.990887,1.72926,1.154587,0.333845,0.591669,-0.689974,-1.144354,-1.65456,-0.72013,-0.120327,0.990887,0.59898,-0.298648,-1.743908
YPL116W,-0.771912,-1.564449,-0.263773,0.713842,1.63797,1.783717,0.425193,-0.044356,-0.746074,0.152697,-1.168568,-0.784923,-0.366938,0.670188,0.330159,1.238725,-1.241498
YPL264C,-0.32511,-1.656467,-0.594921,1.005426,0.971321,1.202674,-0.430264,-0.173641,-0.594921,-1.73635,-1.355769,-0.223331,0.530386,0.936838,0.901976,1.388311,0.153843
YBR200W,0.248353,0.659232,-0.905697,-1.351348,-1.233742,-0.721166,0.248353,1.786728,1.345847,1.04008,0.761483,-0.198374,-0.51648,-1.711271,-0.310287,-0.011843,0.870134
YBR202W,-1.466158,0.151473,-0.630381,-1.295535,-1.449987,-1.020605,0.256984,1.238766,1.189067,1.380362,0.709651,-0.265258,-0.549395,-0.661705,0.295051,1.20835,0.90932
YPR019W,-0.771937,-1.07699,0.21389,-0.808321,-0.648,-0.305384,-0.244523,1.176132,1.310768,1.987458,1.025216,-1.285487,-0.845195,-0.958748,0.01451,-0.041059,1.257673
YBL023C,-1.801941,0.15669,0.797249,-0.795925,-1.535414,-0.592412,0.295738,1.526159,1.739695,0.72764,0.582095,-0.048586,-0.272942,-1.361561,-0.272942,0.244534,0.611924
YEL032W,-0.340512,0.949942,-0.260864,-0.569019,-0.929428,-1.099123,0.320152,1.931951,1.20838,1.546576,0.183395,-0.677838,-0.677838,-1.174386,-1.409923,0.41944,0.579097
YPL058C,-0.392986,-2.103002,-1.753539,-1.268828,-1.056019,-0.376312,0.203222,0.939201,1.218985,0.76577,0.611661,0.177928,0.622144,0.344305,0.618657,0.458,0.990813
YGR035C,-1.103219,-1.793659,-2.008284,-1.036689,-0.186747,0.065953,0.608124,1.198787,1.561542,0.976192,0.358116,-0.17876,-0.194768,0.002565,0.465776,0.582637,0.682432
YHL026C,0.161395,0.484794,-0.521319,-1.488096,-0.553859,-0.586901,0.161395,1.118102,2.111523,1.301882,0.207508,-0.521319,-1.880853,-0.796864,-0.249257,0.340057,0.711813
YMR254C,-0.170725,-0.858552,-1.837346,-1.0508,-0.569597,-1.411147,0.431966,0.852274,2.15621,1.050739,0.209165,-0.312456,-0.411946,0.323219,0.089268,0.431966,1.077763
YMR031C,-0.437237,-0.108987,-1.615139,-2.136452,-0.737517,-0.694775,0.318605,0.339916,1.406152,1.157602,0.183929,0.111775,-0.043836,-0.473171,-0.016769,1.271898,1.474008
YLR254C,-0.069582,0.513894,-0.101181,-0.069582,-1.318684,-1.415723,-0.209386,1.948838,0.723679,0.874412,0.497025,-0.904578,-1.864675,-0.773723,0.445839,0.767262,0.956166
YOR273C,0.159432,-1.196185,-1.687383,-1.749805,-0.958503,-0.679037,-0.260064,0.652832,1.194289,1.373394,0.232479,0.164762,-0.287378,0.043815,0.612184,1.370738,1.014432
YLR015W,0.799612,1.887869,-0.745219,-1.10651,-1.538976,-0.463811,-0.029385,0.799612,1.046414,-1.150518,-1.682592,-0.251962,0.184944,0.219897,0.623639,0.799612,0.607374
YBR038W,-1.264531,-1.907547,-1.081199,-0.748122,-0.51749,0.064548,1.484081,1.479899,1.500686,0.368671,-0.039674,-0.762662,-0.029945,-0.359181,0.77698,0.770787,0.2647
YLR014C,-0.4456,2.956555,0.541613,-0.60933,-1.656685,-1.051142,0.414887,0.783438,0.349953,-0.250129,-0.288469,-0.868399,-0.212182,-0.327162,0.634046,0.317074,-0.288469
YOR274W,1.481334,1.034872,0.097196,-1.19164,-1.013161,0.076698,0.977544,1.645685,1.422577,-0.426154,-1.026636,-1.040111,-0.580256,-0.556165,-0.544201,-0.973064,0.615482
YGL116W,-1.28516,-1.239202,-0.986578,-1.026195,-0.801109,-0.000003,1.280622,1.825554,1.469521,0.207868,-0.090713,-0.698715,-0.540507,-0.452123,0.528559,0.7279,1.080281
YGR092W,-1.577614,-1.193237,-1.134363,-1.421325,-0.561868,0.190138,1.137413,1.513858,1.548678,0.725731,0.190138,0.021523,-0.561868,-0.352504,-0.199076,0.837188,0.837188
YBR138C,-0.810932,-1.347364,-1.942463,-1.151891,-0.561269,0.139586,1.021514,1.549996,1.287254,0.100527,-0.440857,-0.645818,0.080701,0.080701,0.785304,1.021514,0.833497
YOR058C,-0.171449,0.080329,-1.813158,-0.307842,-0.502475,0.709116,1.491878,1.318523,1.208246,-0.379018,-0.769962,-2.137862,-0.171449,-0.19365,0.414979,0.379986,0.843808
YCR042C,0.247429,0.507753,-1.057333,-1.662979,-1.595278,-0.935077,0.049665,1.425833,1.311805,1.311805,0.717204,-0.20305,-0.935077,-0.630822,0.507753,0.0382,0.902169
YOR229W,-0.520719,0.09995,-1.294265,-1.153455,-1.001959,-0.475963,0.863125,1.455976,1.333097,1.374751,0.290313,-0.911866,-1.400085,-0.676092,0.257795,0.837488,0.921911
YKL130C,-1.345526,-0.612554,-1.630671,-1.248085,-0.327882,0.38571,0.705497,1.844404,1.539515,0.189518,-0.463133,-0.369627,-0.990369,0.53932,0.6804,0.964707,0.138776
YIL162W,1.093907,-1.073022,-2.394579,-0.950812,-0.144325,0.261633,0.809749,1.577446,1.52319,0.006734,0.420804,-0.335657,-0.368703,-0.794924,-0.335657,0.206746,0.497469
YDL138W,0.935833,0.89008,-1.146909,-1.933301,-0.716133,-0.655622,0.076605,1.038333,1.199058,0.922808,0.117377,-1.346376,-1.192883,-0.031578,0.117377,1.186919,0.538412
YDL048C,1.231836,-1.478521,-1.247327,-0.207365,0.858333,0.779648,0.896653,1.223613,0.779648,-0.53955,-0.668344,-0.575621,-0.845431,-1.705876,-0.270036,0.645697,1.122645
YGR143W,-0.323725,-0.579167,-1.854512,-1.013484,-1.278831,-0.323725,1.021889,1.249903,1.560923,0.291859,0.188338,-0.323725,-0.910966,-0.579167,0.626543,1.139591,1.108257
YKL129C,0.43535,-0.728951,-1.88904,-1.656689,0.117634,0.134245,0.404879,2.009084,0.808368,0.697899,0.167229,-1.113043,-1.161246,0.084174,0.669705,0.539874,0.480529
YIL167W,1.197049,-0.246578,-1.664302,-2.056293,-1.788011,-0.530683,-0.08464,0.569748,1.122254,0.521509,0.318277,0.153758,-0.022797,0.20986,0.775632,0.42204,1.103176
YHR152W,-1.268219,-1.087924,-0.925854,-0.622331,-0.379512,0.057939,1.142741,1.664402,0.795776,1.36416,0.374945,-1.033068,-1.164072,-0.892435,0.147891,0.597862,1.227699
YJL079C,0.026846,0.536753,-0.666152,-0.556371,-1.329247,-1.248491,-0.101829,1.666067,1.746735,0.745165,0.380071,-0.453052,-1.061519,-1.308703,-0.274315,0.654085,1.243957
YAR018C,-0.422399,-1.150513,-1.229277,-0.85524,-0.679165,-0.866166,0.962511,1.921774,1.765819,0.625982,0.398421,-0.081317,-0.37186,-1.256323,-0.053307,0.332494,0.958566
YAL022C,-1.063721,-1.115788,-0.435827,-1.369893,-1.412244,-1.49046,0.869749,0.982251,0.821215,1.000474,0.395476,-0.067919,-0.469764,0.120707,0.901547,1.092451,1.241748
YGR279C,-1.798281,-0.739964,-0.562948,-1.528065,-1.248953,-0.229665,0.527024,0.953842,1.188502,1.700659,-0.288985,-0.28149,-0.010178,-0.207729,0.644994,1.127994,0.753244
YGL201C,-0.940081,0.66363,-0.328731,-1.347769,-1.877322,-0.79227,0.748066,1.395385,1.242632,1.242632,0.576555,0.248586,-1.391994,-0.328731,-0.122824,0.370142,0.642093
YNL057W,-1.413096,-1.468088,-1.544261,-1.325201,-1.16187,-0.366192,0.725987,0.694644,1.113553,0.776986,0.402119,0.439237,0.182202,0.033729,0.651922,1.075972,1.182357
YML119W,-1.134992,-1.446504,-0.725392,-1.029926,-1.677862,-0.303103,1.162044,1.3735,1.134169,0.583969,0.195013,-0.470584,-0.612081,0.27811,0.578999,1.149081,0.945558
YOL137W,-0.334601,0.126187,-1.726283,-2.487472,-0.696122,-0.166556,0.476401,1.170798,1.569165,0.295243,-0.166556,-0.119921,-0.051142,0.082695,0.104513,1.219058,0.704592
YPL186C,2.329495,1.109789,0.051003,-0.522585,-0.138794,0.245014,0.377381,0.68742,-0.027788,-1.787972,-1.167034,-0.672238,-0.924383,-0.836167,-0.452376,1.095858,0.633379
YCL038C,-0.484984,-0.994812,-1.41372,-0.45043,-0.700988,0.111649,0.993784,1.409567,1.518485,1.344125,0.209721,-0.251162,-0.187584,-2.072399,0.39673,-0.04922,0.621237
YKR021W,-0.017805,-0.379139,-0.293752,-0.75689,-1.231003,0.480353,1.386956,1.621508,1.132913,-0.350335,-2.458296,-0.498225,-0.238558,-0.131995,0.357806,0.846924,0.529536
YPR157W,0.795595,-1.817568,-0.60734,-0.061539,0.017813,0.404643,1.159248,1.325032,0.424689,-0.145107,-0.460862,-2.298084,-0.901915,-0.20339,0.763811,0.857308,0.747666
YJL051W,-0.372542,-1.051074,-1.660462,-0.929117,-0.255037,1.034241,1.311029,1.468765,1.099426,0.835033,-0.829396,-1.336016,-0.862152,0.216296,0.481837,0.850989,-0.001821
YOL014W,0.572574,-0.417871,-2.508406,-0.768331,-0.483035,-0.133805,1.247102,1.167638,0.606309,-0.07931,-0.293811,-1.435728,-0.313937,-0.067411,0.939277,0.998097,0.970648
YGR230W,0.053188,-0.077762,-0.507162,-0.839571,-0.72339,-0.190702,0.897266,1.754052,1.726112,0.633653,-0.628227,-1.09103,-1.82108,-0.755982,-0.255911,0.921247,0.905298
YLR190W,-1.12273,-1.806398,-0.893942,-1.284612,-0.168778,0.273843,1.518492,1.622453,0.98901,0.198625,-0.239215,-0.801903,-0.480342,-0.191986,0.549067,0.853689,0.984725
YMR032W,-1.70718,-1.481597,-0.964731,-1.010845,-0.877354,0.343221,1.166291,1.695517,0.983617,0.541422,0.048647,-0.546267,-0.670665,0.19289,0.875961,0.750512,0.660561
YOL070C,-1.243237,-1.46845,-1.059597,-1.316277,-1.269569,-0.195319,0.46374,0.756094,0.94476,1.167678,0.308645,0.136314,-0.467296,0.060159,0.396299,1.826628,0.959428
YLR297W,0.014181,-1.662483,-1.299759,-0.854845,-0.551989,-0.965477,0.505502,1.245126,0.682238,1.229487,0.336466,-0.461591,-1.042803,-0.580609,0.807255,1.212029,1.387272
YHR151C,-1.434359,-1.01326,-1.434359,-0.419511,-0.958295,-0.248246,1.110359,1.722412,1.741813,0.471673,0.683097,-0.207121,-0.555787,-0.749299,0.878672,0.136454,0.275759
YNL058C,-1.480238,-1.759717,-1.227893,-1.164834,-0.919206,-0.166621,0.624353,0.711315,0.738217,1.126845,0.273436,0.419616,-0.447423,0.086259,0.611027,1.530032,1.044832
YER111C,-0.294853,0.421493,1.614188,0.16337,-0.542501,-0.608328,-0.816618,-0.265508,0.088224,1.724019,1.455011,0.814069,0.330608,-0.710355,-2.104099,-0.853023,-0.415698
YML109W,-1.010501,-0.232992,2.305326,0.963997,0.137708,0.598262,0.359329,-0.745808,-0.826215,0.680927,0.907448,0.370581,0.089025,0.16176,-0.545691,-1.513258,-1.699897
YNR016C,-0.764474,0.720503,1.813445,1.000306,1.693043,-0.280332,-0.392693,-1.024412,-1.374307,1.22034,0.567593,0.013489,-1.238081,-0.511804,-0.878082,-0.153438,-0.411097
YBR067C,1.961896,1.906475,1.331312,0.707031,-0.089486,-0.622678,-0.720768,-0.183735,-0.01284,0.091828,-0.440923,-0.881078,-1.225569,-1.296371,-0.715972,-0.453327,0.644205
YGL055W,0.420304,1.011742,1.909998,1.670335,1.128263,-0.146587,-0.969299,-1.484475,-1.238519,0.216374,-0.011501,-0.651179,-0.824037,-0.988234,-0.183971,-0.260991,0.401777
YLR050C,0.375122,0.045689,0.678578,-0.098169,-0.860445,-0.883421,-1.523815,-0.743142,-1.656743,1.585559,1.643363,1.027716,0.159836,0.817317,0.656988,-0.386846,-0.837585
YGR109C,-0.209313,0.86476,2.201691,0.756968,-0.968153,-0.824172,-0.522476,-1.337396,-1.060969,1.134684,1.337078,0.675438,-0.03783,-0.003891,-0.54561,-0.938334,-0.522476
YPR120C,-0.521163,0.322531,2.355165,0.801536,-0.119185,-0.305985,-0.988655,-0.516669,-1.054372,1.408668,1.644169,-0.181241,-0.165563,-0.12686,-0.771231,-1.004939,-0.776204
YDL127W,-1.166322,1.298529,1.698381,-0.080778,-0.385883,-0.287737,-1.113482,-1.499843,-0.261777,0.939663,1.823265,0.846717,0.099975,0.041485,-0.856489,-0.587416,-0.508289
YNL289W,-2.057046,0.849313,1.554761,1.4114,0.314994,-0.032573,-0.364966,-1.092788,-1.368626,0.260039,1.035229,0.85147,0.380347,0.106703,-0.274304,-0.749476,-0.824477
YPL256C,-1.264854,1.178868,1.988045,0.767026,0.100544,-0.136734,-0.30812,-0.589427,-1.991743,-0.176942,0.745144,1.183539,0.331543,-0.065528,-0.443554,-0.001263,-1.316543
YMR199W,-2.806387,0.403491,0.818177,0.769645,0.327653,0.35224,-0.217269,-0.592487,-1.531381,0.564131,1.362456,0.871257,0.312723,0.448611,-0.101898,-0.472847,-0.508113
YJL187C,-1.363658,-0.354319,1.659965,1.422322,0.774033,0.094224,-0.614274,-0.965556,-1.154338,0.395469,1.176702,1.107879,0.576794,-0.044,-0.392103,-1.017636,-1.301502
YDL003W,-1.659119,0.337912,1.648974,0.995798,0.086338,-0.347574,-0.749254,-1.106694,-1.501622,0.804727,1.462145,1.126099,0.37515,0.141899,-0.259173,-0.840119,-0.515488
YMR076C,-1.404688,-0.211086,1.696378,1.2931,0.564134,0.063572,-0.449046,-0.936309,-1.610089,0.942432,1.199635,1.040393,-0.002958,0.078375,-0.313542,-0.866808,-1.083495
YKL042W,-1.709408,-0.285974,1.529594,0.656864,-0.052932,0.110365,-0.852482,-1.006826,-1.006826,0.87683,1.675106,1.092289,0.592475,0.510887,-0.166109,-0.736961,-1.226893
YFL008W,-0.976048,0.24871,1.930772,1.308764,0.019587,-0.998286,-0.932134,-1.20777,-0.953989,0.569941,1.44932,0.908569,0.593961,0.207292,-0.474983,-0.888959,-0.804747
YPL241C,-1.841849,-0.971677,1.580123,1.230376,0.10864,-0.092706,-0.314911,-0.843127,-0.769537,0.448601,1.44698,0.619322,0.619322,0.421088,-0.023473,-1.725811,0.10864
YMR078C,-0.86045,0.523655,1.752991,1.244352,0.084986,-0.173927,-0.687009,-1.269313,-0.951888,0.683466,1.181745,1.365046,0.614794,-0.687009,-0.703834,-0.951888,-1.165718
YLR212C,-2.331003,-0.176947,1.328573,0.510228,-0.412211,-0.495642,-0.834923,-0.214705,0.316342,0.80844,1.725733,1.29697,0.608891,-0.412211,-0.084904,-0.984171,-0.648459
YNL225C,-2.802021,-0.254588,0.668792,0.094117,-0.254588,-0.710022,-0.392832,-0.987542,-0.332896,0.128795,1.029678,1.759104,0.62453,1.003254,0.48805,0.041435,-0.103265
YPL209C,-0.654172,-0.183437,2.078622,1.785644,0.796415,0.708083,-0.503355,-1.301619,-0.870609,0.21225,0.284362,0.137973,-0.057992,0.455975,-0.140901,-1.511962,-1.235277
YJL074C,-0.907428,0.031206,1.558041,0.802341,-0.424169,-0.037651,-1.140389,-1.140389,-0.424169,0.342952,1.638416,1.687029,0.693287,-0.183141,-0.158127,-1.502203,-0.835604
YNL233W,-0.382371,0.869762,2.37736,0.945638,-0.355704,-0.436484,-0.944515,-0.960956,-0.450166,-0.078087,1.362078,1.176972,0.062435,-0.56221,-1.256378,-0.422858,-0.944515
YLR313C,-0.321723,0.753528,2.109351,1.262111,0.35327,-0.278557,-0.721176,-1.753261,-0.558578,-0.34379,1.068675,0.721276,0.816021,-0.388906,-1.149532,-0.664982,-0.903728
YGR041W,-0.508274,-0.112027,1.164088,-0.25356,-0.674176,-0.112027,-0.976933,-1.550522,-0.851517,0.772493,1.803867,1.646679,1.191875,0.310312,-0.851517,-0.976933,-0.021827
YGR152C,-0.785149,0.530005,1.956038,1.349534,-0.262249,-0.593753,-0.694996,-1.387488,-0.680293,0.583776,1.235921,1.290042,0.12807,-0.04807,-0.455852,-0.91063,-1.254906
YDR507C,-1.803437,-0.484861,1.466865,0.70702,0.647548,0.205285,-0.942791,-1.213999,-0.904979,0.482995,1.566555,1.396633,0.16178,0.393048,-0.436243,-1.088878,-0.152539
YIL159W,-1.032187,1.190233,1.992813,0.776282,0.447724,0.330186,0.081181,-0.153989,0.239082,0.11339,1.120993,0.269736,-0.602719,-0.725587,-0.684081,-1.991398,-1.371661
YGL027C,-0.841607,-1.217679,1.138158,1.429439,0.761585,-0.341207,-0.540056,-0.65808,-1.149796,0.969326,1.346943,1.365396,0.761585,-0.613409,-0.496638,-1.149796,-0.764163
YML102W,-0.52112,0.472098,2.178723,1.200386,-0.078103,-0.633786,-0.99992,-1.08443,-0.532103,1.436243,0.966904,0.61042,-0.292765,0.195747,-0.93202,-0.752913,-1.23336
YPR018W,0.67581,0.905278,1.972916,1.078,-0.643678,-0.356099,-1.641155,-1.676597,-0.008581,0.973925,0.947926,0.073536,0.242013,-0.626932,-0.695183,-0.82351,-0.397669
YBL035C,-0.680932,0.9756,2.125838,0.368708,-0.083887,-0.481145,-0.653047,-1.176323,-0.857579,1.121368,1.37346,0.766192,0.20927,0.091838,-0.709249,-1.158134,-1.231979
YNL102W,-0.619437,0.073138,1.779579,1.362709,0.225263,-0.336447,-1.089753,-1.710196,-0.838324,0.23563,1.362709,0.983363,0.702186,0.193787,-0.440953,-1.280841,-0.602412
YBR278W,-0.711599,0.589934,2.802173,1.18055,-1.013691,-0.403927,-0.989838,-0.779873,-0.895524,0.625439,0.968561,0.315852,0.027382,-0.6442,-0.19429,-0.599723,-0.277226
YPR175W,-0.038386,1.14559,2.138152,0.753169,-0.308727,-0.644438,-0.526645,-1.090927,-0.768987,1.203643,1.33694,-0.308727,0.108986,0.03164,-0.901159,-1.590705,-0.53942
YNL262W,-0.514925,-0.620447,1.125788,0.90779,0.065773,-0.668438,-0.972052,-1.306335,-0.538076,1.699035,1.716721,0.937698,0.746197,0.113831,-0.854905,-1.205285,-0.63237
YBR088C,-0.719098,0.125783,1.591884,0.984814,0.388055,-0.646119,-0.966356,-1.387631,-1.479845,1.136722,1.369167,1.199893,0.393642,-0.11042,-0.218292,-1.098507,-0.563693
YLR103C,-0.878847,0.424862,2.025363,1.113191,0.601314,-0.14771,-0.508998,-1.434243,-1.078835,0.765083,1.075286,0.976811,0.327506,-0.508998,-0.515695,-1.202692,-1.033398
YAR007C,-0.913611,-0.0125,2.0259,0.620526,-0.487495,-0.996371,-0.814839,-1.30481,-0.843951,1.024179,1.287591,1.158573,0.792947,0.451683,-0.51209,-0.996371,-0.479361
YNL312W,-0.515208,0.106133,1.792273,1.236214,0.432525,-0.382604,-1.156166,-1.635141,-1.093104,0.553463,1.178021,1.353619,0.381739,-0.006514,-0.539423,-0.738737,-0.967091
YJL173C,-1.401532,-0.921802,1.292942,1.481028,1.151813,-0.037648,-0.92592,-1.493916,-0.963301,1.093107,0.653983,1.136681,-0.17501,0.517674,-0.244313,-0.468824,-0.694962
YER070W,-1.593242,0.98521,1.669829,0.852112,0.171759,-0.310185,-0.962481,-1.395069,-1.458024,0.420936,1.015234,1.044607,0.790001,0.331004,-0.458434,-0.572547,-0.53071
YOR074C,-0.988625,0.649084,1.420209,1.248006,0.603691,0.034948,-0.913395,-0.913395,-0.842231,-0.331886,1.082331,1.20485,1.190149,-0.001114,-0.842231,-1.447036,-1.153353
YDL164C,-0.963002,0.084789,1.826829,0.797114,-0.518491,-0.724651,-0.963002,-1.440689,-0.915022,1.271761,1.619242,0.939001,0.313388,0.42147,-0.495066,-0.750823,-0.502847
YKL045W,-1.299834,0.140648,2.614428,1.434142,-0.524644,0.134387,-0.470232,-1.219512,-0.710779,-0.342057,0.096402,0.837186,0.416258,0.812231,-0.62032,-0.604161,-0.694142
YBR252W,-1.841752,0.211744,1.728788,0.629459,0.013936,-1.032696,0.04438,-0.914269,-1.560493,1.675988,0.789611,0.536479,-0.827213,0.223489,0.497638,-0.333619,0.158531
YLR032W,0.452597,0.212825,2.147967,0.716208,-0.137774,-0.663213,-0.773811,-0.379271,-1.133756,1.030086,1.650594,0.552095,-0.636211,0.06401,-0.511293,-1.39268,-1.198372
YML060W,-0.423494,0.572744,1.951157,1.22359,0.662288,0.220125,-0.119966,-0.503717,-0.825258,-0.106678,0.967818,0.730929,0.369323,-0.423494,-0.711771,-1.676856,-1.90674
YDR097C,-0.753793,-0.509907,1.799391,1.043327,0.27941,-0.326974,-0.753793,-1.150539,-1.019105,0.678823,1.461997,1.42878,0.444005,0.081267,-0.571026,-1.445445,-0.686421
YNL082W,-0.706155,0.211867,0.979389,0.242412,-0.460055,-1.229458,-1.681401,-1.934857,-0.306859,0.959676,1.534253,1.439858,0.64469,0.455459,-0.245211,-0.036622,0.133015
YOL090W,-0.677279,-0.092633,1.11408,0.542545,-0.041719,-0.923916,-0.7623,-1.541184,-0.850655,0.318098,1.803235,1.654144,0.70184,0.683683,0.080743,-1.445304,-0.563378
YLR383W,-0.064559,-0.252148,1.990606,1.208151,0.83325,-0.269264,-0.160368,-1.549796,-1.086739,0.274022,0.923517,1.033585,-0.096019,0.233673,-0.185007,-1.298733,-1.534173
YKL113C,-1.180349,0.096475,1.756271,1.396816,0.579534,-0.489593,-0.995066,-1.266175,-0.674648,0.805937,0.927266,1.243029,0.613252,-0.138466,-0.68163,-1.134418,-0.858234
YLR234W,-0.353485,-1.181538,2.36388,1.110313,-0.263812,-0.898583,-0.792181,-1.122875,-0.493031,1.138718,0.515152,1.023528,0.747761,-0.353485,-0.308319,-0.009169,-1.122875
YPL153C,-0.318692,0.639656,1.925402,0.984173,0.162066,-0.064604,-1.212578,-1.249367,-0.83542,0.4112,1.025917,1.019056,0.464276,0.067569,-0.263884,-1.973069,-0.7817
YDL101C,-2.164987,-0.803042,1.71057,0.960045,0.007904,0.018145,-0.022989,-0.344807,-0.852923,-0.434841,1.606071,0.715161,0.501341,0.427607,-0.043727,0.20824,-1.487769
YML021C,-0.891015,0.208028,1.501867,1.540243,-0.073858,-0.470188,-0.841338,-0.650236,-1.358538,0.323031,1.547881,1.176451,0.423006,0.288971,-0.231769,-1.133998,-1.358538
YML061C,0.175452,0.328164,2.033754,1.191403,0.285888,0.227247,-0.479109,-0.499263,-1.487774,-0.11581,1.033668,0.199484,-0.169573,0.747048,-0.076148,-1.6478,-1.746631
YMR179W,-0.842856,0.473347,1.764303,0.283975,-1.571517,0.023135,-0.307287,-0.968095,-0.911351,1.067832,1.988803,0.853231,-0.027146,0.229617,-0.357728,-1.064365,-0.633898
YML027W,-1.74809,0.957442,1.696701,0.501636,-0.184569,0.193048,-0.439864,-1.009026,-1.465208,0.89073,1.504222,0.725854,0.140776,0.316303,-0.233035,-0.875498,-0.971421
YDL227C,-1.994371,-0.575866,1.337444,0.421335,-1.036524,-0.378709,-0.490037,-0.757325,-0.978047,0.867893,1.659526,1.366606,0.72769,0.664987,-0.017979,-0.575866,-0.240757
YLR382C,1.000026,0.687239,1.664039,-0.277731,-0.428394,-0.13467,-0.277731,-1.193368,-1.159809,-0.158017,1.253325,0.984395,0.721848,-2.34361,-0.111522,-0.020715,-0.205307
YJL196C,0.089282,0.095372,1.687514,0.888809,-1.19714,-1.235946,-1.819601,-1.690549,-0.695176,0.592435,1.272257,0.363136,0.307051,0.22077,0.167716,0.429023,0.525047
YKL165C,0.538544,0.821107,1.438841,1.121415,-0.046862,-0.973665,-1.180087,-2.23592,-1.194358,-0.046862,0.981995,1.052472,0.683002,0.107705,-0.35903,-0.414234,-0.294061
YLL002W,-1.545714,-0.611096,1.632693,0.794717,-0.088745,-0.33439,-1.87918,-0.59562,-0.076553,1.113385,1.276616,1.464888,0.431263,-0.267014,-0.214588,-0.505041,-0.59562
YPL124W,-1.319504,-1.711754,1.563347,0.550417,0.615873,0.63013,-0.324527,-1.082688,-1.066741,0.365285,1.248403,1.221705,0.644302,0.520677,-0.335742,-1.114941,-0.40424
YKL101W,-2.129517,-1.258727,1.04124,0.846133,0.634505,-0.016109,-0.230633,-1.227786,-1.05162,0.328764,1.166313,1.432306,1.017618,0.231161,0.087801,-0.522192,-0.34926
YLR457C,0.726474,0.831646,2.248012,0.201665,-1.267739,-0.337592,0.02115,-0.924769,-0.299755,-0.225406,1.219014,1.019445,0.217528,-1.837367,-0.701692,-0.701692,-0.188924
YBR070C,-0.243683,0.916683,2.394201,1.361698,-0.009239,-0.309393,-1.053067,-1.540375,-0.689373,0.590157,0.527785,0.708811,0.2236,-0.395037,-0.638563,-1.015716,-0.828489
YLR233C,-0.186939,-0.318892,2.729988,0.84437,-0.526076,0.023144,-0.821649,-0.432594,-0.745525,0.163422,1.433696,0.392201,-0.038632,0.392201,-0.363941,-1.619161,-0.925612
YPL057C,-1.14471,-0.607672,-0.192468,1.160543,0.691895,0.118636,-0.571077,-0.682087,0.192166,1.083065,1.513723,1.23632,0.93427,-0.700946,-1.123264,-1.997176,0.088782
YBR073W,-0.534999,-0.103717,2.025941,0.450264,1.333778,-0.696055,-0.170109,-0.966416,-1.126561,0.772072,1.253756,1.263,-0.110666,-0.488139,-0.7501,-1.140629,-1.01142
YGL200C,-1.340427,-0.5743,1.494202,0.318096,0.327567,-0.5743,-1.559933,-1.731463,-1.169278,0.996031,0.734595,1.14148,0.539934,0.708513,0.005258,0.811984,-0.127959
YHR153C,-1.27785,-0.195564,1.623436,0.76488,-0.771357,-0.195564,-0.636011,-1.496753,-0.844192,0.529832,1.528277,1.712616,0.715902,0.063341,-0.103913,-0.844192,-0.572889
YNL272C,-1.390244,-1.675907,1.206061,0.752105,-0.411579,-0.673933,-0.321781,-1.436529,0.067962,0.132133,1.648424,0.93969,1.206061,0.860325,0.148031,-0.69335,-0.357468
YKR077W,-1.39695,0.919819,0.978153,-0.42104,-0.654628,-0.067784,-1.090114,-1.345988,-0.696896,1.809771,1.857851,0.849131,0.204394,0.19431,-0.377959,-0.688371,-0.073699
YDL105W,0.433925,-0.283735,1.576015,0.293414,0.488122,-0.626735,-0.75155,-0.882455,-1.266398,1.698388,1.293303,1.273368,-0.077248,-0.546619,-0.92753,-1.481149,-0.213117
YPL267W,-1.12095,0.866902,1.900102,0.91854,-0.641131,-0.174291,-0.774924,-1.532784,-1.004641,0.739726,1.373336,0.946866,0.407027,0.05016,-0.462637,-1.141362,-0.349937
YDL156W,-0.043331,-0.612443,2.085234,0.685947,-0.419521,-1.101838,-1.655913,-0.912,-0.206961,1.149182,1.350761,1.149182,0.362601,0.019094,-0.736227,-0.694246,-0.419521
YOL017W,-0.139793,-0.69612,1.944659,0.485913,-0.456708,-0.172875,-0.781973,-1.269189,-0.964305,0.872141,1.798021,1.146621,0.721105,-0.107202,-0.654399,-1.269189,-0.456708
YBR071W,-0.366981,0.876378,1.586083,-0.295613,-0.083714,-0.468444,-1.058369,-1.894722,-0.902885,1.687278,1.589919,0.753587,-0.150978,-0.22049,-0.600868,-0.589812,0.139632
YLL022C,-0.625525,-0.452992,2.176068,1.533084,0.490552,-0.945541,-0.634437,-0.706745,-1.340957,0.785575,1.052541,0.692491,0.330558,0.079027,-0.46137,-0.935588,-1.036741
YLR236C,0.250773,0.024604,2.044933,1.464621,-0.035514,-0.659835,-0.95597,-1.401556,-1.143639,1.174348,0.945412,0.381795,0.381795,-0.326959,-0.097226,-0.69993,-1.347651
YCL022C,-0.103236,-0.460908,1.355577,0.497685,-0.377144,-0.519327,-0.549372,-1.129333,-0.67561,1.443709,1.689276,1.426471,0.528614,-0.323678,-0.643088,-1.835957,-0.323678
YCL024W,-0.509409,0.328631,1.68744,0.441474,-0.509409,-0.368867,-0.509409,-0.870835,-0.661455,0.484772,1.74267,1.448462,1.144426,-1.106778,-0.622271,-1.377028,-0.742411
YLR121C,0.105099,0.328811,1.87954,1.146312,0.231156,0.38695,0.088839,-1.028785,-2.010502,-0.08015,1.36883,0.974117,-0.565265,-0.339354,-0.329574,-0.963955,-1.192066
YHR154W,-1.133975,-0.145732,1.949715,0.7415,-0.085055,0.154641,-0.629331,-1.515098,-0.833767,-0.115176,1.253303,1.482373,0.877152,0.271084,-0.145732,-1.15898,-0.966922
YHR110W,0.280713,-0.094711,1.139692,1.181521,-0.766719,-0.374656,-1.401579,-2.218148,-0.552658,0.741441,1.511616,1.271878,0.126164,0.26025,0.118887,-0.601857,-0.621833
YDL010W,-0.346616,-1.457879,1.771243,1.208337,0.561547,-0.687964,-0.866371,-1.065936,-0.630871,0.737396,1.143742,1.29228,0.826312,-0.210899,-0.606752,-1.028622,-0.638949
YPR174C,0.228388,0.909784,2.506666,0.997145,-1.309401,-0.653946,-1.223538,-0.589047,-0.812885,-0.525923,0.898634,1.007834,0.359244,-0.632106,-0.653946,-0.179708,-0.327197
YJL181W,-1.404634,0.178849,1.635639,0.50072,-0.25684,-0.073519,-1.046931,-1.25948,-0.920391,0.722513,2.083542,1.043065,0.001191,0.50072,-0.297903,-1.010134,-0.396407
YLR183C,-1.560329,-0.235234,1.692618,1.243809,0.373139,-0.195585,-0.48104,-1.478914,-1.194137,0.21987,1.448749,1.019459,0.731708,0.276577,-0.335282,-0.733265,-0.792143
YOL007C,-0.574581,0.846795,1.79114,1.454704,0.3707,-0.125534,-0.666715,-1.313046,-1.429894,-0.067325,1.064756,1.00558,0.552695,-0.03205,-0.798836,-0.975336,-1.103052
YIL026C,-0.137546,0.372054,1.974461,0.943126,0.48013,0.506277,-0.674435,-1.339917,-1.308059,0.205913,1.005087,0.948368,0.473542,0.081787,-0.920444,-1.596267,-1.014079
YKL108W,0.215516,1.051692,2.253994,1.168224,-0.748767,-0.061303,-0.561721,-1.00513,-0.240898,-1.253826,0.226558,1.149348,0.718712,0.052551,-1.07591,-1.100191,-0.788847
YLR326W,0.462217,-0.44714,1.310219,1.248816,0.848,0.51796,-0.403987,-2.598516,-0.706996,-0.361957,0.944817,0.776678,0.317495,0.358238,-0.896571,-0.29085,-1.078422
YLR381W,-0.187003,0.264829,1.999086,0.944364,0.264829,0.652804,0.243929,-1.18194,-1.36413,-0.698235,1.379887,0.911611,0.346918,-1.559245,-0.498665,-0.668837,-0.850202
YNL273W,-0.935689,0.415773,1.948448,0.387644,-0.367716,-0.434727,-0.835901,-1.149655,-0.251898,1.221128,1.34148,1.473237,0.39705,-0.367716,-1.149655,-0.633788,-1.058016
YJL018W,-0.032865,-0.722583,2.189617,1.041038,0.19982,-0.102571,-0.515645,-1.896909,-0.638192,-0.283762,0.966202,0.889538,1.016285,0.2946,-1.332944,-0.555981,-0.515645
YBR089W,-0.94616,0.014628,1.573939,1.008822,0.271011,-0.603712,-0.829395,-1.170518,-1.248936,1.003682,1.356212,1.302371,0.713749,-0.123754,-0.247712,-1.406991,-0.667235
YLR349W,-2.316301,-1.454409,0.189857,0.533283,-0.049733,-0.551223,-0.328609,0.25478,0.447857,0.900367,2.190281,0.92024,0.4909,0.063051,-0.010332,-0.647317,-0.632692
YCL061C,-0.717824,-1.040119,1.174352,1.057978,0.410054,-0.403028,-0.469289,-0.503163,-0.307173,0.013029,1.533089,1.614507,1.158091,-0.503163,-1.083835,-1.806602,-0.126903
YDR309C,-1.597835,1.56747,0.07775,-0.577529,-0.791273,-0.288264,-0.986538,-1.183992,-0.567008,0.842892,2.113847,1.20952,-0.199952,0.683519,-0.274138,-0.114444,0.085975
YKR013W,-0.16246,0.274509,1.895944,1.665208,0.256678,-0.111286,-0.962325,-1.011862,-1.962383,0.044455,1.072958,0.566198,0.1173,0.442195,-0.170105,-0.858151,-1.096873
YDL018C,-0.382038,0.669118,1.94512,1.178338,-0.92597,-0.526275,-1.180076,-1.727614,-1.049255,0.640438,1.121386,0.868547,0.720746,0.057887,-0.37431,-0.509767,-0.526275
YKR083C,-2.212828,-0.209815,0.893387,0.49585,0.250962,-0.957404,-1.452952,-0.220544,-0.727246,1.878605,1.016574,1.306963,-0.104438,-0.177876,-0.032487,0.107166,0.146081
YDR383C,0.648451,-0.712194,0.812922,0.812922,-0.624117,-0.321908,-2.289862,-0.993423,-0.455456,0.494131,1.180133,1.362721,0.494131,0.648451,-0.194174,-1.492323,0.629596
YDR013W,-0.785626,-0.459326,2.413775,1.722777,-0.651643,0.117623,-0.608013,-0.586419,0.009212,0.678027,0.827819,0.391966,0.240184,-0.564936,-0.586419,-1.741091,-0.417908
YGR238C,0.711259,0.119477,2.068373,0.537056,0.677118,0.941184,-0.596069,-0.96314,-1.251637,0.277278,0.464794,0.844527,0.199287,-0.175402,-1.913518,-1.191968,-0.74862
YNL309W,0.059979,0.722284,1.606893,0.961558,-0.474742,-0.50192,-0.676617,-2.788352,0.002948,0.686382,0.910533,0.791543,0.391895,-0.182945,-0.739856,0.002948,-0.77253
YPL208W,-0.685335,-0.453825,2.446841,1.858934,-0.30126,-0.186329,-0.79532,-1.277839,-0.858096,0.253674,0.984286,0.559913,0.098097,0.199617,-0.227641,-0.832827,-0.782892
YLR376C,-0.932242,0.491485,2.214276,1.245134,0.616911,0.214858,-0.483382,-1.715808,-1.012969,0.698095,0.677974,0.523263,-0.048005,-0.023285,-1.428612,-0.483382,-0.554312
YNL300W,-0.972267,-0.265049,1.970195,1.679766,0.864234,0.474284,-0.184678,-1.015113,-1.57351,-0.202561,0.921193,-0.202561,0.530364,0.370158,-0.250117,-1.24277,-0.901568
YAR003W,-0.36923,0.592064,2.318572,0.529143,-0.701314,-0.264467,-0.06293,-0.238721,0.010115,-1.291766,0.69481,0.81464,1.515985,-1.127642,-0.213094,-0.672563,-1.533602
YCL060C,0.090041,-0.266687,1.540229,1.258822,-0.046139,-1.147791,-1.323609,-0.642736,-0.345131,-0.011336,1.337267,1.337267,1.198195,-0.385372,-0.597821,-1.650069,-0.345131
YDL103C,-1.447734,0.747423,2.411199,0.758246,-0.139298,-0.219798,-0.798297,-0.955777,-0.97186,0.559125,1.140971,0.979579,-0.23336,-0.616519,-1.16946,0.068342,-0.112783
YNL303W,-0.822733,0.36556,2.146395,0.831587,-0.450798,-1.03957,-1.145562,-1.03957,-0.836763,1.067724,1.652029,0.866313,-0.19578,0.170781,-0.553091,-0.463432,-0.553091
YNL310C,0.998772,0.443833,2.182573,0.898191,-0.709331,-0.709331,-1.12048,-1.253061,-0.42425,0.194462,1.03827,1.106397,-0.125573,-0.662865,-1.475318,0.107552,-0.48984
YOR144C,-0.882892,1.091638,2.032961,0.575245,0.130868,-0.300917,-0.793597,-0.852882,-0.649633,0.749707,1.242632,1.323812,-0.078362,-0.882892,-1.165362,-0.27549,-1.264836
YDR488C,-1.537931,-0.151903,0.866395,1.398127,-0.27202,0.451939,-0.495862,-1.847598,-0.302897,-0.03684,0.742178,1.313503,1.243908,0.926454,-0.7035,-1.259824,-0.334129
YOR026W,-2.62607,0.10493,2.13266,0.756399,0.489388,-0.045808,-0.005384,0.073807,-0.362934,0.026551,0.680669,1.228386,-0.213069,-0.309177,-0.408474,-0.482789,-1.039085
YIL140W,-0.396384,-0.532623,1.784317,1.492281,0.554307,0.190686,-0.768459,-1.315648,-1.611825,-0.425749,0.868761,1.217049,0.950947,0.116503,-0.532623,-0.786597,-0.804944
YKL067W,-0.237803,-0.646336,0.26582,0.878512,0.532345,-1.15124,-1.63118,-2.406596,-0.497968,0.789235,0.42012,1.457742,0.813702,0.152788,0.034109,0.540556,0.686194
YJL115W,0.25529,0.606838,1.908903,1.337572,-0.159474,-0.310438,-0.84112,-1.281045,-0.109196,-1.498192,-1.498192,1.244624,1.016043,0.315312,-0.39234,-0.571674,-0.02291
YDL197C,0.237159,-0.378894,1.993922,1.547781,0.631494,0.061474,-1.063891,-1.134566,-1.029191,0.21431,0.926532,1.007082,0.144729,-0.150734,-0.733303,-1.617898,-0.656004
YCR065W,-1.936721,0.028036,1.527827,1.202261,0.676577,0.144431,-0.597722,-0.165343,-0.865327,0.224701,1.029939,1.134608,0.933458,-0.058223,-1.109787,-1.084357,-1.084357
YBR275C,-0.939462,-0.138522,1.496708,1.015123,1.33099,-0.252955,-0.661615,-0.059306,-0.981281,0.785228,1.070051,1.080918,0.562714,-0.738526,-0.877808,-1.794022,-0.898235
YKL127W,-1.770281,-1.640094,0.845318,1.488258,-0.329119,0.025595,-0.034572,-0.354276,-1.124491,0.303225,1.286751,0.810804,0.810804,0.918746,0.436479,-0.483193,-1.189956
YAR008W,-1.42682,0.433372,2.049673,0.954116,-0.056921,-0.674647,-0.664054,-1.125826,-0.550933,0.475823,0.996225,0.847286,1.215393,0.143855,-0.406255,-1.380952,-0.829335
YDL095W,-0.053981,-1.042392,1.000182,1.466077,0.708044,-0.650729,-0.696875,-1.276363,-1.032465,0.609118,1.251114,1.525792,0.566115,-0.211324,0.098574,-0.650729,-1.610157
YOL019W,-2.07554,-1.528289,0.27521,0.814714,0.521421,0.181204,-0.569616,-1.295589,-0.548327,1.166205,1.145609,1.537569,0.76379,0.00812,-0.605455,0.095859,0.113117
YLR151C,0.812944,-1.377263,2.343027,1.128714,0.205539,-0.889631,-0.334762,-1.468161,-1.016242,0.221785,-0.334762,1.174097,0.720973,-0.015062,-0.354859,-0.295064,-0.521273
YOR284W,0.64674,0.525971,2.362502,1.55477,0.150812,0.016387,-0.534873,-1.005478,-1.281262,-0.243233,0.681813,0.599171,0.016387,-0.496392,-1.362414,-0.935521,-0.695378
YMR048W,0.57694,-0.05883,2.322181,0.453797,-1.285666,-1.164251,-0.746934,-1.556219,-0.746934,0.338666,0.927356,1.113366,0.77404,0.321599,-0.598065,-0.434271,-0.236774
YJR155W,0.006913,0.960307,2.038115,1.144224,0.28585,-0.997658,-2.198792,-1.296201,-0.835926,-0.04504,0.46868,0.934952,0.091585,0.024034,-0.395786,-0.243251,0.057996
YLR126C,0.644208,0.198956,2.046724,1.171945,0.314207,-1.321857,-0.693714,-2.194323,-0.679249,-0.579985,-0.827178,0.743471,0.830905,0.209615,-0.14059,0.05662,0.220244
YNL304W,-2.337293,-0.243896,1.40041,0.231564,0.542131,-0.737556,0.523493,0.190787,-0.955372,0.12882,1.061577,1.829987,0.12882,0.044458,-0.737556,0.086876,-1.15725
YGR189C,0.119665,-0.120446,2.161317,0.947207,0.488681,-0.28333,-0.461987,-1.295416,-1.341751,1.261819,0.513648,0.386996,0.403059,-0.628542,-1.876995,-0.502908,0.228982
YAL034W-A,-0.97822,0.058663,1.666647,0.80225,0.898734,0.006137,0.330366,-0.687205,-1.438936,0.619232,0.576787,0.973464,1.116902,-0.158019,-0.721904,-1.579828,-1.485069
YBR276C,-0.745941,1.185304,1.043513,1.231902,0.215649,-1.19358,0.088885,0.357785,-0.02175,-0.191045,1.475435,0.816936,0.392871,-1.349433,-0.229233,-1.839534,-1.237765
YDL096C,0.582684,-0.173039,0.726482,0.932584,-0.03425,0.009455,-0.894006,0.133809,0.211633,-2.245528,0.956574,1.354805,1.444943,-0.173039,-1.658965,-0.681013,-0.493127
YFR026C,1.337246,1.529726,2.054683,0.436794,0.376273,-0.468743,-1.259436,-0.909503,-0.964212,0.314073,0.376273,0.553249,-0.216264,-0.176788,-1.323385,-0.803899,-0.856088
YFR027W,-0.2693,0.87825,2.134915,1.321981,-0.085135,-0.2693,-0.655211,-1.205829,-0.803971,0.87825,0.959952,0.725996,-0.016294,-0.193434,-1.081881,-0.910206,-1.408783
YNL072W,-1.383934,0.345501,1.207771,0.300676,0.062615,-0.958953,-0.958953,-1.904065,-0.259407,1.60189,1.097866,1.468652,0.367598,0.231773,-0.092837,-0.317682,-0.808512
YDL179W,-0.752816,-1.060569,-1.275438,-0.718155,-0.594403,0.15524,-1.181469,-1.349669,0.946593,1.65793,1.599513,0.818936,0.78199,0.14521,-0.351436,0.238109,0.940436
YLR079W,-0.469069,-0.87239,-0.449685,-0.77394,-0.411419,-0.443269,-0.880153,-1.626726,0.512214,2.489141,1.442171,0.729435,0.286157,-0.18865,-0.177211,-0.240866,1.074261
YJL194W,-1.699576,1.570998,-0.449342,-1.356095,-0.594161,0.143371,-0.24507,-0.772977,1.391868,1.782844,-0.075024,0.381556,-0.24507,0.181327,-0.799458,-0.402673,1.187482
YLR274W,-0.297617,0.339304,-0.015553,-1.426806,-1.270204,-0.963762,-0.656616,0.4345,1.642257,1.956054,1.16346,0.127156,-0.449964,-1.015475,-0.734255,0.229651,0.93787
YGR044C,0.686913,-0.836542,-1.556669,-1.179354,-0.680086,0.043425,-0.650427,-1.219722,0.053265,1.637584,1.653255,1.251314,0.507844,0.299654,-0.680086,-0.222453,0.892084
YJL157C,-1.148099,-0.99126,-1.683744,-1.640855,-0.793985,-0.188226,-0.309464,0.691626,0.727576,1.684105,1.374927,0.421658,-0.001791,0.086508,0.205907,0.448314,1.116803
YKL185W,-0.307118,-0.947677,-1.339935,-0.947677,-0.585809,-0.550715,-1.018902,-0.367997,0.889978,2.270165,1.530439,0.538278,0.274718,-0.273322,-0.550715,0.192157,1.194129
YHR005C,-0.267859,0.512879,0.361598,-1.26715,-1.924326,-1.492757,-0.396723,0.432635,0.717893,1.604179,1.611281,0.313049,-0.480968,-0.892037,0.325287,-0.015337,0.858356
YNR001C,1.014901,-1.622423,-1.862944,-1.200824,-0.382061,-1.079706,-0.695605,-0.281172,0.630737,1.477688,1.199969,0.708887,0.529869,0.29057,0.294989,0.268239,0.708887
YKL150W,-0.400761,-1.457021,-2.171477,-0.85176,-0.079072,-0.35453,-0.453098,-0.888924,0.725732,1.485309,0.930772,0.83186,0.355777,-0.24967,0.308647,1.118156,1.15006
YLR395C,0.117126,-1.277885,-1.002721,-1.811924,-0.775934,-0.420274,-0.033719,-0.938789,0.022879,1.678874,0.625923,0.526816,0.088186,-0.195963,0.30935,1.492885,1.59517
YOR065W,0.50695,-1.017046,-2.035757,-1.084009,-0.716227,-0.467762,-1.253773,-0.699112,0.292716,1.303094,0.819508,0.722255,0.369982,0.328189,0.497203,1.505247,0.928542
YDL181W,-0.605372,-0.908073,-0.841912,-1.661896,-0.964756,0.167273,-0.086817,-1.233192,-0.033599,2.14414,0.726937,0.612451,-0.110025,0.228125,0.174117,0.753327,1.639273
YGR183C,-0.075982,-1.464633,-1.613374,-0.606846,-0.526521,-0.819854,0.034219,0.175733,0.442002,2.529126,1.20675,0.044523,-0.689146,-0.394842,0.838076,0.249167,0.671603
YLR258W,1.335918,-1.058692,-1.844718,-1.185483,-0.879059,-0.20437,-0.159722,-0.226974,-1.012652,0.711232,1.878567,1.111504,0.546356,0.820882,0.334102,-0.104951,-0.061938
YML110C,0.563433,0.579717,0.18037,-0.966699,-2.438752,-1.574287,-0.681948,-0.681948,0.18037,1.59299,1.235678,0.571602,0.148704,0.024879,0.263963,0.449395,0.552533
YLR273C,1.191466,0.697109,0.40128,-0.344154,-0.577574,-0.487139,-0.838532,-0.372024,0.973376,1.718832,1.37732,-0.010573,-0.372024,-2.305982,-0.608568,-0.80417,0.361357
YCR005C,0.524444,-0.523103,-1.473493,-1.218881,-1.511094,-1.562426,-0.662121,0.766517,1.055437,0.788713,0.828714,1.268913,1.193543,0.511681,0.459754,-0.305626,-0.14097
YCL040W,1.276723,-0.539027,-1.625287,-1.046385,-0.569647,-1.222734,-1.447526,-0.65817,-0.268581,0.891662,1.299147,0.954571,0.31056,0.523122,0.428878,0.32576,1.366933
YMR256C,-0.486522,-1.368007,-1.856911,-1.271573,-0.239887,-0.544731,-0.35882,-0.491333,0.463199,1.512832,1.104191,-0.230895,-0.051201,0.924608,0.718493,0.547828,1.62873
YIL009W,0.004745,0.754564,-0.334971,-1.201088,-1.316096,-0.870696,-1.437847,-1.388293,0.433745,1.409376,1.47225,1.107621,0.571896,0.102708,-0.472248,0.04202,1.122315
YLL040C,0.545107,0.883693,-2.430696,-1.763537,-0.711457,0.035745,-0.206853,-0.580909,0.46797,1.609783,0.979035,0.598988,0.672807,-0.502187,-0.05622,0.422986,0.035745
YGR281W,-0.410348,-1.018984,-1.552172,-1.714357,-1.605333,-0.523231,0.401992,0.224917,0.881279,1.426141,1.276531,0.65056,0.285025,-0.144414,0.373144,0.387584,1.061667
YBR083W,-1.254258,-1.263265,-0.814016,-0.850139,-0.553249,-0.443816,-0.857445,-0.886958,0.080927,2.018396,1.420596,0.485897,0.076404,0.219969,0.228338,0.954087,1.438532
YBR054W,0.973529,0.544891,-0.044089,-1.075988,-1.580814,-2.150754,-0.834356,0.605244,0.890024,1.475076,0.968683,0.388661,-0.062763,-0.77229,-0.307907,0.197421,0.785434
YKL116C,-0.640851,-0.276343,-0.345457,-1.061228,-0.328007,-0.885294,-1.668778,-0.680121,0.998172,2.338997,1.224725,1.019552,0.278224,-0.434413,-0.310694,-0.094721,0.866235
YPR002W,1.370181,-0.413317,-0.30013,0.160695,-0.492256,-1.145952,-1.258137,0.247689,1.353323,1.822119,1.083196,0.706127,0.489216,-0.794137,-0.574221,-1.316532,-0.937864
YNR067C,-0.426688,-1.01506,-1.842273,-1.471575,-0.63306,0.127329,-0.562939,-0.818924,0.251539,1.714389,1.600936,1.090574,0.640745,0.404945,0.069724,0.199925,0.670415
YBR158W,-1.135992,-0.346906,-1.720594,-1.49847,-0.540728,-0.198823,0.049899,-0.413446,-0.018436,2.021921,1.759309,0.941875,0.068176,0.101321,0.022187,0.019096,0.889611
YDL117W,-1.317397,-0.279378,-0.410204,-1.392105,-1.288008,0.064706,0.177841,-0.863704,0.706113,2.271796,1.669073,0.452858,0.055091,-0.477668,-0.410204,0.366677,0.674512
YMR007W,-0.579533,0.804508,-0.873062,-0.289502,0.032348,-1.092224,-0.89673,0.472233,1.223611,2.72124,0.717067,-0.536577,-1.353561,-0.022256,-0.369879,0.391924,-0.349607
YNL046W,-0.377108,-1.136107,-1.155709,-0.652506,-0.673551,-0.282053,-0.79298,-1.090999,-0.046834,2.266237,1.711755,1.227643,0.230074,0.042982,-0.322299,0.237088,0.814368
YOR264W,-0.546315,-0.908191,-1.750825,-1.075598,-0.348936,0.077106,-0.689956,-0.948177,0.47632,2.12901,1.57301,0.891065,0.42483,0.223396,-0.19968,-0.22346,0.896403
YPL066W,-1.440198,-2.003167,0.146816,-0.25685,-0.822491,0.045256,-0.25685,-0.167663,0.126755,1.759501,1.961697,0.942534,0.470369,-0.123977,-0.145754,-0.795765,0.559787
YBR052C,1.260492,-0.417138,-1.388775,-1.240025,-0.93152,-1.361819,-1.198053,-0.495205,0.016921,1.442464,0.832585,0.81889,0.38139,0.16795,0.397956,0.107793,1.606094
YPL158C,0.245678,-0.511164,-1.114709,-0.722197,-0.214155,0.152283,-0.908787,-0.828897,0.86736,2.308314,1.516429,0.044211,0.054295,-0.538053,-0.752109,-1.026306,1.427807
YHR022C,1.633651,0.143829,-0.77365,-1.318076,-1.892961,-1.318076,-0.90922,-0.486536,0.256238,1.162871,0.809955,0.562481,0.852092,-0.005282,-0.232729,0.389069,1.126343
YPL004C,-0.077656,-1.736549,-2.149807,-0.993829,-0.547467,-0.404227,-0.613074,-0.248159,0.611642,1.489832,0.876099,0.808263,0.413776,0.242731,0.260077,0.941726,1.126623
YBR157C,0.576167,0.501203,-0.671844,-0.564503,-0.80821,-0.671844,-1.807324,0.034141,1.324376,1.592196,1.324376,0.462739,0.329213,-1.559943,-0.80821,-0.147374,0.894839
YNL078W,-0.321336,-0.951653,-1.781846,-1.544982,-0.861509,-0.272621,-0.337841,-0.248738,0.594912,1.750495,1.493428,0.991487,0.289892,-0.104248,-0.388302,0.594912,1.09795
YOR066W,0.006984,0.7747,-0.689193,-1.946948,-0.710374,-1.051313,-0.886474,0.726949,1.106682,1.612587,1.158001,0.798234,-0.545711,-0.863775,-0.689193,0.308574,0.89027
YBR053C,1.468283,0.481032,-1.261201,-1.711367,-1.348678,-1.333803,-1.098029,-0.126015,0.322289,1.025255,1.009115,0.861398,0.616912,-0.051623,0.212346,-0.029898,0.963985
YDR511W,1.867039,0.452416,-0.706729,-0.657245,-1.198377,-0.33419,-2.034763,-1.289793,-0.145237,1.384019,0.865782,0.460533,-0.38912,0.267535,0.152012,0.532452,0.773665
YDR033W,-0.631233,-1.168803,-1.154094,-1.297297,-1.131184,-1.0067,0.388013,0.066486,-0.334309,1.84797,0.877003,0.351623,-0.607154,0.521826,1.040638,0.867029,1.370184
YKL163W,1.534534,0.210581,-0.913125,-0.437688,-1.831187,-1.460772,-1.073189,-1.007851,-0.509731,1.16174,1.212931,0.538175,0.584801,0.494046,0.356546,0.264007,0.876183
YBR231C,0.939668,-0.28244,1.233309,-0.611478,-0.389496,-1.350904,-0.874863,-0.308966,0.0491,1.852666,1.059417,0.647392,-0.668669,-0.256052,-0.755887,-1.591313,1.308516
YDR368W,1.404706,-0.062301,-0.101527,-0.68701,-1.081241,-1.296337,-2.034055,-0.944844,0.248702,0.501268,1.165449,1.731617,0.490171,0.445431,-0.44677,0.077924,0.588817
YLR049C,-1.400593,-0.70988,0.363291,-0.442324,-0.686849,-0.40316,-1.266917,-1.383302,0.060097,1.866468,1.683287,1.173183,0.646929,0.274606,-0.272772,-0.327421,0.825356
YLR286C,-0.1058,0.98931,-0.45006,-1.346811,-1.173008,-0.382135,-0.494457,-1.106176,-1.629183,1.107311,1.85865,1.135179,0.559715,0.829099,0.555766,-0.244554,-0.102846
YHR038W,1.239793,0.570197,-0.547099,-1.788754,-1.11209,-1.569228,-0.568345,-0.568345,0.747407,1.309808,1.539825,0.794507,-0.698103,0.174778,0.651625,0.083868,-0.259841
YGL089C,-1.312688,0.358291,0.009568,-0.702755,-1.499436,-0.809461,-1.529969,-1.253282,-0.311367,0.97249,1.078276,0.954957,0.426841,0.605123,0.78864,0.916123,1.308647
YPL187W,0.100011,0.298365,0.686663,-0.399439,-1.68578,-1.250344,-1.837795,-0.695912,0.010463,2.187059,1.004456,0.120513,-0.078463,0.073125,-0.041299,0.603658,0.904719
YNL173C,1.407609,0.100504,-2.220406,-1.330501,-0.349234,-0.539372,-0.872837,-1.251352,0.117554,0.802596,1.294626,1.155354,0.481562,0.151121,-0.005599,0.324542,0.733833
YJR148W,0.13579,0.030118,0.680833,-0.395578,-1.195357,-2.048371,-1.822713,-1.016735,0.174712,1.585113,0.599769,0.924847,0.489308,0.180219,0.182986,0.432295,1.062764
YOR317W,0.640538,-1.306206,-1.536077,-0.960026,-1.292509,-1.108098,-1.120855,-0.383415,0.575892,1.084628,1.353964,1.002905,0.697358,0.536275,0.482505,0.496049,0.83707
YOR316C,0.183483,-1.460871,-1.029701,-1.047616,-0.941242,-0.397532,-0.245052,-0.491575,0.016974,2.137935,1.245348,1.403591,-0.719067,-0.620154,0.536917,0.599374,0.829189
YPL014W,0.497468,-1.416645,0.972051,-0.237992,-0.974034,-0.432326,-1.185265,-1.605906,-0.200946,0.903008,1.96392,0.926241,1.230087,-0.058078,-0.237992,-0.556841,0.413252
YJL078C,-0.377185,0.173069,-0.937366,-0.310362,-0.343579,-0.058124,-0.979068,-1.24334,-0.587887,1.29734,2.136294,1.510732,1.493541,-0.058124,-0.661809,-0.776573,-0.27756
YKL161C,-0.822029,-2.080915,-1.420014,-0.636933,-0.65303,-0.234146,0.274062,-0.221245,0.097742,1.171796,1.787032,1.359352,1.171796,0.274062,-0.072808,-0.20842,0.2137
YHR113W,0.893707,0.605559,0.112223,-0.034641,-2.560786,-1.225382,-0.437555,-1.007744,0.418051,0.753157,1.488006,1.027826,0.810187,-0.525245,0.481894,-0.229197,-0.570059
YDL119C,1.471273,-1.295966,-1.843004,-1.202361,-0.331286,-0.263507,-0.383145,-0.435947,-0.263507,0.312866,1.433831,1.895018,0.687524,0.053808,-0.297175,-0.164653,0.626231
YDL124W,2.553832,1.592165,-0.590361,-0.999435,-0.03959,-0.770647,-1.318413,-0.557143,-0.459502,0.513899,0.595585,0.318969,-0.046624,-0.78836,-0.92443,0.216852,0.703201
YHR039C,-0.556022,-2.253528,-1.77472,-0.65036,-0.725367,-0.383871,0.181242,0.061068,0.366425,1.236589,1.529525,0.8651,0.980786,0.061068,0.260049,0.066653,0.735363
YDR493W,1.380338,0.699457,-1.217068,-1.740893,-1.163685,-0.680374,-0.950185,-0.31311,-0.057549,0.260709,1.139587,0.54566,-0.695645,0.592559,-0.114783,0.422635,1.892348
YGL028C,-0.16919,-0.026595,-1.276748,-0.781708,-0.504963,-0.536802,-0.327371,-0.860031,-1.173235,1.511007,1.981524,1.463249,1.345279,0.144029,-0.413444,-0.707412,0.332412
YNL073W,0.780446,-0.441905,-0.925508,-0.879748,-1.760618,-1.350458,-0.62071,-1.141917,0.31992,1.223736,1.274233,1.448433,0.898465,0.390837,0.261765,-0.220944,0.743974
YER017C,0.447911,0.676592,-0.255991,-0.882671,1.287155,-1.579666,0.035227,-0.145166,0.14095,1.019769,0.834896,0.676592,0.414558,-0.18188,-2.741864,-0.293327,0.546913
YKL066W,-0.090958,-1.099921,-0.09464,0.945219,0.822551,-0.298324,-0.512065,-1.773558,-0.850327,1.854566,0.52558,1.122675,-0.766062,0.225744,-1.500888,0.799789,0.69062
YAL040C,-0.105477,-0.32207,-1.261775,-1.270197,0.40101,-1.456415,0.64394,0.45012,0.050462,2.884717,0.588428,-0.053592,-0.897759,-0.099674,0.368649,0.315691,-0.236058